/*
Navicat MySQL Data Transfer

Source Server         : local
Source Server Version : 80013
Source Host           : localhost:3306
Source Database       : activiti

Target Server Type    : MYSQL
Target Server Version : 80013
File Encoding         : 65001

Date: 2021-02-02 13:35:26
*/
drop database if EXISTS activiti;

create database activiti;
SET FOREIGN_KEY_CHECKS=0;

-- ----------------------------
-- Table structure for act_evt_log
-- ----------------------------
DROP TABLE IF EXISTS `act_evt_log`;
CREATE TABLE `act_evt_log` (
  `LOG_NR_` bigint(20) NOT NULL AUTO_INCREMENT,
  `TYPE_` varchar(64) COLLATE utf8_bin DEFAULT NULL,
  `PROC_DEF_ID_` varchar(64) COLLATE utf8_bin DEFAULT NULL,
  `PROC_INST_ID_` varchar(64) COLLATE utf8_bin DEFAULT NULL,
  `EXECUTION_ID_` varchar(64) COLLATE utf8_bin DEFAULT NULL,
  `TASK_ID_` varchar(64) COLLATE utf8_bin DEFAULT NULL,
  `TIME_STAMP_` timestamp(3) NOT NULL,
  `USER_ID_` varchar(255) COLLATE utf8_bin DEFAULT NULL,
  `DATA_` longblob,
  `LOCK_OWNER_` varchar(255) COLLATE utf8_bin DEFAULT NULL,
  `LOCK_TIME_` timestamp(3) NULL DEFAULT NULL,
  `IS_PROCESSED_` tinyint(4) DEFAULT '0',
  PRIMARY KEY (`LOG_NR_`)
) ENGINE=InnoDB DEFAULT CHARSET=utf8 COLLATE=utf8_bin;

-- ----------------------------
-- Records of act_evt_log
-- ----------------------------

-- ----------------------------
-- Table structure for act_ge_bytearray
-- ----------------------------
DROP TABLE IF EXISTS `act_ge_bytearray`;
CREATE TABLE `act_ge_bytearray` (
  `ID_` varchar(64) COLLATE utf8_bin NOT NULL,
  `REV_` int(11) DEFAULT NULL,
  `NAME_` varchar(255) COLLATE utf8_bin DEFAULT NULL,
  `DEPLOYMENT_ID_` varchar(64) COLLATE utf8_bin DEFAULT NULL,
  `BYTES_` longblob,
  `GENERATED_` tinyint(4) DEFAULT NULL,
  PRIMARY KEY (`ID_`),
  KEY `ACT_FK_BYTEARR_DEPL` (`DEPLOYMENT_ID_`),
  CONSTRAINT `ACT_FK_BYTEARR_DEPL` FOREIGN KEY (`DEPLOYMENT_ID_`) REFERENCES `act_re_deployment` (`id_`)
) ENGINE=InnoDB DEFAULT CHARSET=utf8 COLLATE=utf8_bin;

-- ----------------------------
-- Records of act_ge_bytearray
-- ----------------------------
INSERT INTO `act_ge_bytearray` VALUES ('1f16bf90-64fd-11eb-a721-5afb84297c14', '1', 'F:\\work\\项目实训\\Activiti框架\\projects\\ActivitiSpringBoot\\target\\classes\\processes\\process2.bpmn', '1f16bf8f-64fd-11eb-a721-5afb84297c14', 0x3C3F786D6C2076657273696F6E3D22312E302220656E636F64696E673D225554462D3822207374616E64616C6F6E653D22796573223F3E0D0A3C646566696E6974696F6E7320786D6C6E733D22687474703A2F2F7777772E6F6D672E6F72672F737065632F42504D4E2F32303130303532342F4D4F44454C2220786D6C6E733A61637469766974693D22687474703A2F2F61637469766974692E6F72672F62706D6E2220786D6C6E733A62706D6E64693D22687474703A2F2F7777772E6F6D672E6F72672F737065632F42504D4E2F32303130303532342F44492220786D6C6E733A6F6D6764633D22687474703A2F2F7777772E6F6D672E6F72672F737065632F44442F32303130303532342F44432220786D6C6E733A6F6D6764693D22687474703A2F2F7777772E6F6D672E6F72672F737065632F44442F32303130303532342F44492220786D6C6E733A746E733D22687474703A2F2F7777772E61637469766974692E6F72672F746573742220786D6C6E733A7873643D22687474703A2F2F7777772E77332E6F72672F323030312F584D4C536368656D612220786D6C6E733A7873693D22687474703A2F2F7777772E77332E6F72672F323030312F584D4C536368656D612D696E7374616E6365222065787072657373696F6E4C616E67756167653D22687474703A2F2F7777772E77332E6F72672F313939392F5850617468222069643D226D3136313232333130373933323222206E616D653D2222207461726765744E616D6573706163653D22687474703A2F2F7777772E61637469766974692E6F72672F746573742220747970654C616E67756167653D22687474703A2F2F7777772E77332E6F72672F323030312F584D4C536368656D61223E0D0A20203C70726F636573732061637469766974693A63616E6469646174655374617274657247726F7570733D2247524F55505F61637469766974695465616D222061637469766974693A63616E6469646174655374617274657255736572733D2273616C61626F79222069643D2270726F636573733222206973436C6F7365643D2266616C73652220697345786563757461626C653D227472756522206E616D653D22E6B581E7A88B32222070726F63657373547970653D224E6F6E65223E0D0A202020203C73746172744576656E742069643D225F3222206E616D653D2253746172744576656E74222F3E0D0A202020203C757365725461736B2061637469766974693A61737369676E65653D22757365723031222061637469766974693A6578636C75736976653D2274727565222069643D225F3322206E616D653D22E8AFB7E58187222F3E0D0A202020203C757365725461736B2061637469766974693A61737369676E65653D226C6561646572222061637469766974693A63616E64696461746555736572733D226C65616465723032222061637469766974693A6578636C75736976653D2274727565222069643D225F3422206E616D653D22E5AEA1E689B9222F3E0D0A202020203C73657175656E6365466C6F772069643D225F362220736F757263655265663D225F3222207461726765745265663D225F33222F3E0D0A202020203C73657175656E6365466C6F772069643D225F372220736F757263655265663D225F3322207461726765745265663D225F34222F3E0D0A202020203C757365725461736B2061637469766974693A61737369676E65653D226C65616465723131222061637469766974693A63616E64696461746547726F7570733D2247524F55505F61637469766974695465616D342C47524F55505F61637469766974695465616D35222061637469766974693A6578636C75736976653D2274727565222069643D225F3922206E616D653D22E5AEA1E689B932222F3E0D0A202020203C73657175656E6365466C6F772069643D225F31302220736F757263655265663D225F3422207461726765745265663D225F39222F3E0D0A202020203C656E644576656E742069643D225F313122206E616D653D22456E644576656E74222F3E0D0A202020203C73657175656E6365466C6F772069643D225F31322220736F757263655265663D225F3922207461726765745265663D225F3131222F3E0D0A20203C2F70726F636573733E0D0A20203C62706D6E64693A42504D4E4469616772616D20646F63756D656E746174696F6E3D226261636B67726F756E643D233343334634313B636F756E743D313B686F72697A6F6E74616C636F756E743D313B6F7269656E746174696F6E3D303B77696474683D3834322E343B6865696768743D313139352E323B696D61676561626C6557696474683D3833322E343B696D61676561626C654865696768743D313138352E323B696D61676561626C65583D352E303B696D61676561626C65593D352E30222069643D224469616772616D2D5F3122206E616D653D224E6577204469616772616D223E0D0A202020203C62706D6E64693A42504D4E506C616E652062706D6E456C656D656E743D2270726F6365737332223E0D0A2020202020203C62706D6E64693A42504D4E53686170652062706D6E456C656D656E743D225F32222069643D2253686170652D5F32223E0D0A20202020202020203C6F6D6764633A426F756E6473206865696768743D2233322E30222077696474683D2233322E302220783D223236352E302220793D2231302E30222F3E0D0A20202020202020203C62706D6E64693A42504D4E4C6162656C3E0D0A202020202020202020203C6F6D6764633A426F756E6473206865696768743D2233322E30222077696474683D2233322E302220783D22302E302220793D22302E30222F3E0D0A20202020202020203C2F62706D6E64693A42504D4E4C6162656C3E0D0A2020202020203C2F62706D6E64693A42504D4E53686170653E0D0A2020202020203C62706D6E64693A42504D4E53686170652062706D6E456C656D656E743D225F33222069643D2253686170652D5F33223E0D0A20202020202020203C6F6D6764633A426F756E6473206865696768743D2235352E30222077696474683D2238352E302220783D223234302E302220793D2239352E30222F3E0D0A20202020202020203C62706D6E64693A42504D4E4C6162656C3E0D0A202020202020202020203C6F6D6764633A426F756E6473206865696768743D2235352E30222077696474683D2238352E302220783D22302E302220793D22302E30222F3E0D0A20202020202020203C2F62706D6E64693A42504D4E4C6162656C3E0D0A2020202020203C2F62706D6E64693A42504D4E53686170653E0D0A2020202020203C62706D6E64693A42504D4E53686170652062706D6E456C656D656E743D225F34222069643D2253686170652D5F34223E0D0A20202020202020203C6F6D6764633A426F756E6473206865696768743D2235352E30222077696474683D2238352E302220783D223234352E302220793D223138352E30222F3E0D0A20202020202020203C62706D6E64693A42504D4E4C6162656C3E0D0A202020202020202020203C6F6D6764633A426F756E6473206865696768743D2235352E30222077696474683D2238352E302220783D22302E302220793D22302E30222F3E0D0A20202020202020203C2F62706D6E64693A42504D4E4C6162656C3E0D0A2020202020203C2F62706D6E64693A42504D4E53686170653E0D0A2020202020203C62706D6E64693A42504D4E53686170652062706D6E456C656D656E743D225F39222069643D2253686170652D5F39223E0D0A20202020202020203C6F6D6764633A426F756E6473206865696768743D2235352E30222077696474683D2238352E302220783D223235302E302220793D223237352E30222F3E0D0A20202020202020203C62706D6E64693A42504D4E4C6162656C3E0D0A202020202020202020203C6F6D6764633A426F756E6473206865696768743D2235352E30222077696474683D2238352E302220783D22302E302220793D22302E30222F3E0D0A20202020202020203C2F62706D6E64693A42504D4E4C6162656C3E0D0A2020202020203C2F62706D6E64693A42504D4E53686170653E0D0A2020202020203C62706D6E64693A42504D4E53686170652062706D6E456C656D656E743D225F3131222069643D2253686170652D5F3131223E0D0A20202020202020203C6F6D6764633A426F756E6473206865696768743D2233322E30222077696474683D2233322E302220783D223238302E302220793D223338352E30222F3E0D0A20202020202020203C62706D6E64693A42504D4E4C6162656C3E0D0A202020202020202020203C6F6D6764633A426F756E6473206865696768743D2233322E30222077696474683D2233322E302220783D22302E302220793D22302E30222F3E0D0A20202020202020203C2F62706D6E64693A42504D4E4C6162656C3E0D0A2020202020203C2F62706D6E64693A42504D4E53686170653E0D0A2020202020203C62706D6E64693A42504D4E456467652062706D6E456C656D656E743D225F3132222069643D2242504D4E456467655F5F31322220736F75726365456C656D656E743D225F392220746172676574456C656D656E743D225F3131223E0D0A20202020202020203C6F6D6764693A776179706F696E7420783D223239362E302220793D223333302E30222F3E0D0A20202020202020203C6F6D6764693A776179706F696E7420783D223239362E302220793D223338352E30222F3E0D0A20202020202020203C62706D6E64693A42504D4E4C6162656C3E0D0A202020202020202020203C6F6D6764633A426F756E6473206865696768743D22302E30222077696474683D22302E302220783D22302E302220793D22302E30222F3E0D0A20202020202020203C2F62706D6E64693A42504D4E4C6162656C3E0D0A2020202020203C2F62706D6E64693A42504D4E456467653E0D0A2020202020203C62706D6E64693A42504D4E456467652062706D6E456C656D656E743D225F36222069643D2242504D4E456467655F5F362220736F75726365456C656D656E743D225F322220746172676574456C656D656E743D225F33223E0D0A20202020202020203C6F6D6764693A776179706F696E7420783D223238312E302220793D2234322E30222F3E0D0A20202020202020203C6F6D6764693A776179706F696E7420783D223238312E302220793D2239352E30222F3E0D0A20202020202020203C62706D6E64693A42504D4E4C6162656C3E0D0A202020202020202020203C6F6D6764633A426F756E6473206865696768743D22302E30222077696474683D22302E302220783D22302E302220793D22302E30222F3E0D0A20202020202020203C2F62706D6E64693A42504D4E4C6162656C3E0D0A2020202020203C2F62706D6E64693A42504D4E456467653E0D0A2020202020203C62706D6E64693A42504D4E456467652062706D6E456C656D656E743D225F37222069643D2242504D4E456467655F5F372220736F75726365456C656D656E743D225F332220746172676574456C656D656E743D225F34223E0D0A20202020202020203C6F6D6764693A776179706F696E7420783D223238352E302220793D223135302E30222F3E0D0A20202020202020203C6F6D6764693A776179706F696E7420783D223238352E302220793D223138352E30222F3E0D0A20202020202020203C62706D6E64693A42504D4E4C6162656C3E0D0A202020202020202020203C6F6D6764633A426F756E6473206865696768743D22302E30222077696474683D22302E302220783D22302E302220793D22302E30222F3E0D0A20202020202020203C2F62706D6E64693A42504D4E4C6162656C3E0D0A2020202020203C2F62706D6E64693A42504D4E456467653E0D0A2020202020203C62706D6E64693A42504D4E456467652062706D6E456C656D656E743D225F3130222069643D2242504D4E456467655F5F31302220736F75726365456C656D656E743D225F342220746172676574456C656D656E743D225F39223E0D0A20202020202020203C6F6D6764693A776179706F696E7420783D223239302E302220793D223234302E30222F3E0D0A20202020202020203C6F6D6764693A776179706F696E7420783D223239302E302220793D223237352E30222F3E0D0A20202020202020203C62706D6E64693A42504D4E4C6162656C3E0D0A202020202020202020203C6F6D6764633A426F756E6473206865696768743D22302E30222077696474683D22302E302220783D22302E302220793D22302E30222F3E0D0A20202020202020203C2F62706D6E64693A42504D4E4C6162656C3E0D0A2020202020203C2F62706D6E64693A42504D4E456467653E0D0A202020203C2F62706D6E64693A42504D4E506C616E653E0D0A20203C2F62706D6E64693A42504D4E4469616772616D3E0D0A3C2F646566696E6974696F6E733E0D0A, '0');
INSERT INTO `act_ge_bytearray` VALUES ('1f16bf91-64fd-11eb-a721-5afb84297c14', '1', 'F:\\work\\项目实训\\Activiti框架\\projects\\ActivitiSpringBoot\\target\\classes\\processes\\process1.bpmn', '1f16bf8f-64fd-11eb-a721-5afb84297c14', 0x3C3F786D6C2076657273696F6E3D22312E302220656E636F64696E673D225554462D3822207374616E64616C6F6E653D22796573223F3E0D0A3C646566696E6974696F6E7320786D6C6E733D22687474703A2F2F7777772E6F6D672E6F72672F737065632F42504D4E2F32303130303532342F4D4F44454C2220786D6C6E733A61637469766974693D22687474703A2F2F61637469766974692E6F72672F62706D6E2220786D6C6E733A62706D6E64693D22687474703A2F2F7777772E6F6D672E6F72672F737065632F42504D4E2F32303130303532342F44492220786D6C6E733A6F6D6764633D22687474703A2F2F7777772E6F6D672E6F72672F737065632F44442F32303130303532342F44432220786D6C6E733A6F6D6764693D22687474703A2F2F7777772E6F6D672E6F72672F737065632F44442F32303130303532342F44492220786D6C6E733A746E733D22687474703A2F2F7777772E61637469766974692E6F72672F746573742220786D6C6E733A7873643D22687474703A2F2F7777772E77332E6F72672F323030312F584D4C536368656D612220786D6C6E733A7873693D22687474703A2F2F7777772E77332E6F72672F323030312F584D4C536368656D612D696E7374616E6365222065787072657373696F6E4C616E67756167653D22687474703A2F2F7777772E77332E6F72672F313939392F5850617468222069643D226D3136313232333030383334383022206E616D653D2222207461726765744E616D6573706163653D22687474703A2F2F7777772E61637469766974692E6F72672F746573742220747970654C616E67756167653D22687474703A2F2F7777772E77332E6F72672F323030312F584D4C536368656D61223E0D0A20203C70726F636573732069643D2270726F636573733122206973436C6F7365643D2266616C73652220697345786563757461626C653D227472756522206E616D653D22E6B581E7A88B31222070726F63657373547970653D224E6F6E65223E0D0A202020203C73746172744576656E742069643D225F3222206E616D653D2253746172744576656E74222F3E0D0A202020203C757365725461736B2061637469766974693A61737369676E65653D2273616C61626F79222061637469766974693A6578636C75736976653D2274727565222069643D225F3322206E616D653D22E8AFB7E58187222F3E0D0A202020203C757365725461736B2061637469766974693A61737369676E65653D226C6561646572222061637469766974693A6578636C75736976653D2274727565222069643D225F3422206E616D653D22E5AEA1E689B9222F3E0D0A202020203C656E644576656E742069643D225F3522206E616D653D22456E644576656E74222F3E0D0A202020203C73657175656E6365466C6F772069643D225F362220736F757263655265663D225F3222207461726765745265663D225F33222F3E0D0A202020203C73657175656E6365466C6F772069643D225F372220736F757263655265663D225F3322207461726765745265663D225F34222F3E0D0A202020203C73657175656E6365466C6F772069643D225F382220736F757263655265663D225F3422207461726765745265663D225F35222F3E0D0A20203C2F70726F636573733E0D0A20203C62706D6E64693A42504D4E4469616772616D20646F63756D656E746174696F6E3D226261636B67726F756E643D233343334634313B636F756E743D313B686F72697A6F6E74616C636F756E743D313B6F7269656E746174696F6E3D303B77696474683D3834322E343B6865696768743D313139352E323B696D61676561626C6557696474683D3833322E343B696D61676561626C654865696768743D313138352E323B696D61676561626C65583D352E303B696D61676561626C65593D352E30222069643D224469616772616D2D5F3122206E616D653D224E6577204469616772616D223E0D0A202020203C62706D6E64693A42504D4E506C616E652062706D6E456C656D656E743D2270726F6365737331223E0D0A2020202020203C62706D6E64693A42504D4E53686170652062706D6E456C656D656E743D225F32222069643D2253686170652D5F32223E0D0A20202020202020203C6F6D6764633A426F756E6473206865696768743D2233322E30222077696474683D2233322E302220783D223234352E302220793D22352E30222F3E0D0A20202020202020203C62706D6E64693A42504D4E4C6162656C3E0D0A202020202020202020203C6F6D6764633A426F756E6473206865696768743D2233322E30222077696474683D2233322E302220783D22302E302220793D22302E30222F3E0D0A20202020202020203C2F62706D6E64693A42504D4E4C6162656C3E0D0A2020202020203C2F62706D6E64693A42504D4E53686170653E0D0A2020202020203C62706D6E64693A42504D4E53686170652062706D6E456C656D656E743D225F33222069643D2253686170652D5F33223E0D0A20202020202020203C6F6D6764633A426F756E6473206865696768743D2235352E30222077696474683D2238352E302220783D223231352E302220793D223130302E30222F3E0D0A20202020202020203C62706D6E64693A42504D4E4C6162656C3E0D0A202020202020202020203C6F6D6764633A426F756E6473206865696768743D2235352E30222077696474683D2238352E302220783D22302E302220793D22302E30222F3E0D0A20202020202020203C2F62706D6E64693A42504D4E4C6162656C3E0D0A2020202020203C2F62706D6E64693A42504D4E53686170653E0D0A2020202020203C62706D6E64693A42504D4E53686170652062706D6E456C656D656E743D225F34222069643D2253686170652D5F34223E0D0A20202020202020203C6F6D6764633A426F756E6473206865696768743D2235352E30222077696474683D2238352E302220783D223232302E302220793D223139352E30222F3E0D0A20202020202020203C62706D6E64693A42504D4E4C6162656C3E0D0A202020202020202020203C6F6D6764633A426F756E6473206865696768743D2235352E30222077696474683D2238352E302220783D22302E302220793D22302E30222F3E0D0A20202020202020203C2F62706D6E64693A42504D4E4C6162656C3E0D0A2020202020203C2F62706D6E64693A42504D4E53686170653E0D0A2020202020203C62706D6E64693A42504D4E53686170652062706D6E456C656D656E743D225F35222069643D2253686170652D5F35223E0D0A20202020202020203C6F6D6764633A426F756E6473206865696768743D2233322E30222077696474683D2233322E302220783D223235352E302220793D223238302E30222F3E0D0A20202020202020203C62706D6E64693A42504D4E4C6162656C3E0D0A202020202020202020203C6F6D6764633A426F756E6473206865696768743D2233322E30222077696474683D2233322E302220783D22302E302220793D22302E30222F3E0D0A20202020202020203C2F62706D6E64693A42504D4E4C6162656C3E0D0A2020202020203C2F62706D6E64693A42504D4E53686170653E0D0A2020202020203C62706D6E64693A42504D4E456467652062706D6E456C656D656E743D225F36222069643D2242504D4E456467655F5F362220736F75726365456C656D656E743D225F322220746172676574456C656D656E743D225F33223E0D0A20202020202020203C6F6D6764693A776179706F696E7420783D223236312E302220793D2233372E30222F3E0D0A20202020202020203C6F6D6764693A776179706F696E7420783D223236312E302220793D223130302E30222F3E0D0A20202020202020203C62706D6E64693A42504D4E4C6162656C3E0D0A202020202020202020203C6F6D6764633A426F756E6473206865696768743D22302E30222077696474683D22302E302220783D22302E302220793D22302E30222F3E0D0A20202020202020203C2F62706D6E64693A42504D4E4C6162656C3E0D0A2020202020203C2F62706D6E64693A42504D4E456467653E0D0A2020202020203C62706D6E64693A42504D4E456467652062706D6E456C656D656E743D225F37222069643D2242504D4E456467655F5F372220736F75726365456C656D656E743D225F332220746172676574456C656D656E743D225F34223E0D0A20202020202020203C6F6D6764693A776179706F696E7420783D223236302E302220793D223135352E30222F3E0D0A20202020202020203C6F6D6764693A776179706F696E7420783D223236302E302220793D223139352E30222F3E0D0A20202020202020203C62706D6E64693A42504D4E4C6162656C3E0D0A202020202020202020203C6F6D6764633A426F756E6473206865696768743D22302E30222077696474683D22302E302220783D22302E302220793D22302E30222F3E0D0A20202020202020203C2F62706D6E64693A42504D4E4C6162656C3E0D0A2020202020203C2F62706D6E64693A42504D4E456467653E0D0A2020202020203C62706D6E64693A42504D4E456467652062706D6E456C656D656E743D225F38222069643D2242504D4E456467655F5F382220736F75726365456C656D656E743D225F342220746172676574456C656D656E743D225F35223E0D0A20202020202020203C6F6D6764693A776179706F696E7420783D223237312E302220793D223235302E30222F3E0D0A20202020202020203C6F6D6764693A776179706F696E7420783D223237312E302220793D223238302E30222F3E0D0A20202020202020203C62706D6E64693A42504D4E4C6162656C3E0D0A202020202020202020203C6F6D6764633A426F756E6473206865696768743D22302E30222077696474683D22302E302220783D22302E302220793D22302E30222F3E0D0A20202020202020203C2F62706D6E64693A42504D4E4C6162656C3E0D0A2020202020203C2F62706D6E64693A42504D4E456467653E0D0A202020203C2F62706D6E64693A42504D4E506C616E653E0D0A20203C2F62706D6E64693A42504D4E4469616772616D3E0D0A3C2F646566696E6974696F6E733E0D0A, '0');
INSERT INTO `act_ge_bytearray` VALUES ('26d8c6f5-64f8-11eb-9c9d-5afb84297c14', '1', 'F:\\work\\项目实训\\Activiti框架\\projects\\ActivitiSpringBoot\\target\\classes\\processes\\process1.bpmn', '26d8c6f4-64f8-11eb-9c9d-5afb84297c14', 0x3C3F786D6C2076657273696F6E3D22312E302220656E636F64696E673D225554462D3822207374616E64616C6F6E653D22796573223F3E0D0A3C646566696E6974696F6E7320786D6C6E733D22687474703A2F2F7777772E6F6D672E6F72672F737065632F42504D4E2F32303130303532342F4D4F44454C2220786D6C6E733A61637469766974693D22687474703A2F2F61637469766974692E6F72672F62706D6E2220786D6C6E733A62706D6E64693D22687474703A2F2F7777772E6F6D672E6F72672F737065632F42504D4E2F32303130303532342F44492220786D6C6E733A6F6D6764633D22687474703A2F2F7777772E6F6D672E6F72672F737065632F44442F32303130303532342F44432220786D6C6E733A6F6D6764693D22687474703A2F2F7777772E6F6D672E6F72672F737065632F44442F32303130303532342F44492220786D6C6E733A746E733D22687474703A2F2F7777772E61637469766974692E6F72672F746573742220786D6C6E733A7873643D22687474703A2F2F7777772E77332E6F72672F323030312F584D4C536368656D612220786D6C6E733A7873693D22687474703A2F2F7777772E77332E6F72672F323030312F584D4C536368656D612D696E7374616E6365222065787072657373696F6E4C616E67756167653D22687474703A2F2F7777772E77332E6F72672F313939392F5850617468222069643D226D3136313232333030383334383022206E616D653D2222207461726765744E616D6573706163653D22687474703A2F2F7777772E61637469766974692E6F72672F746573742220747970654C616E67756167653D22687474703A2F2F7777772E77332E6F72672F323030312F584D4C536368656D61223E0D0A20203C70726F636573732069643D2270726F636573733122206973436C6F7365643D2266616C73652220697345786563757461626C653D227472756522206E616D653D22E6B581E7A88B31222070726F63657373547970653D224E6F6E65223E0D0A202020203C73746172744576656E742069643D225F3222206E616D653D2253746172744576656E74222F3E0D0A202020203C757365725461736B2061637469766974693A61737369676E65653D2273616C61626F79222061637469766974693A6578636C75736976653D2274727565222069643D225F3322206E616D653D22E8AFB7E58187222F3E0D0A202020203C757365725461736B2061637469766974693A61737369676E65653D226C6561646572222061637469766974693A6578636C75736976653D2274727565222069643D225F3422206E616D653D22E5AEA1E689B9222F3E0D0A202020203C656E644576656E742069643D225F3522206E616D653D22456E644576656E74222F3E0D0A202020203C73657175656E6365466C6F772069643D225F362220736F757263655265663D225F3222207461726765745265663D225F33222F3E0D0A202020203C73657175656E6365466C6F772069643D225F372220736F757263655265663D225F3322207461726765745265663D225F34222F3E0D0A202020203C73657175656E6365466C6F772069643D225F382220736F757263655265663D225F3422207461726765745265663D225F35222F3E0D0A20203C2F70726F636573733E0D0A20203C62706D6E64693A42504D4E4469616772616D20646F63756D656E746174696F6E3D226261636B67726F756E643D233343334634313B636F756E743D313B686F72697A6F6E74616C636F756E743D313B6F7269656E746174696F6E3D303B77696474683D3834322E343B6865696768743D313139352E323B696D61676561626C6557696474683D3833322E343B696D61676561626C654865696768743D313138352E323B696D61676561626C65583D352E303B696D61676561626C65593D352E30222069643D224469616772616D2D5F3122206E616D653D224E6577204469616772616D223E0D0A202020203C62706D6E64693A42504D4E506C616E652062706D6E456C656D656E743D2270726F6365737331223E0D0A2020202020203C62706D6E64693A42504D4E53686170652062706D6E456C656D656E743D225F32222069643D2253686170652D5F32223E0D0A20202020202020203C6F6D6764633A426F756E6473206865696768743D2233322E30222077696474683D2233322E302220783D223234352E302220793D22352E30222F3E0D0A20202020202020203C62706D6E64693A42504D4E4C6162656C3E0D0A202020202020202020203C6F6D6764633A426F756E6473206865696768743D2233322E30222077696474683D2233322E302220783D22302E302220793D22302E30222F3E0D0A20202020202020203C2F62706D6E64693A42504D4E4C6162656C3E0D0A2020202020203C2F62706D6E64693A42504D4E53686170653E0D0A2020202020203C62706D6E64693A42504D4E53686170652062706D6E456C656D656E743D225F33222069643D2253686170652D5F33223E0D0A20202020202020203C6F6D6764633A426F756E6473206865696768743D2235352E30222077696474683D2238352E302220783D223231352E302220793D223130302E30222F3E0D0A20202020202020203C62706D6E64693A42504D4E4C6162656C3E0D0A202020202020202020203C6F6D6764633A426F756E6473206865696768743D2235352E30222077696474683D2238352E302220783D22302E302220793D22302E30222F3E0D0A20202020202020203C2F62706D6E64693A42504D4E4C6162656C3E0D0A2020202020203C2F62706D6E64693A42504D4E53686170653E0D0A2020202020203C62706D6E64693A42504D4E53686170652062706D6E456C656D656E743D225F34222069643D2253686170652D5F34223E0D0A20202020202020203C6F6D6764633A426F756E6473206865696768743D2235352E30222077696474683D2238352E302220783D223232302E302220793D223139352E30222F3E0D0A20202020202020203C62706D6E64693A42504D4E4C6162656C3E0D0A202020202020202020203C6F6D6764633A426F756E6473206865696768743D2235352E30222077696474683D2238352E302220783D22302E302220793D22302E30222F3E0D0A20202020202020203C2F62706D6E64693A42504D4E4C6162656C3E0D0A2020202020203C2F62706D6E64693A42504D4E53686170653E0D0A2020202020203C62706D6E64693A42504D4E53686170652062706D6E456C656D656E743D225F35222069643D2253686170652D5F35223E0D0A20202020202020203C6F6D6764633A426F756E6473206865696768743D2233322E30222077696474683D2233322E302220783D223235352E302220793D223238302E30222F3E0D0A20202020202020203C62706D6E64693A42504D4E4C6162656C3E0D0A202020202020202020203C6F6D6764633A426F756E6473206865696768743D2233322E30222077696474683D2233322E302220783D22302E302220793D22302E30222F3E0D0A20202020202020203C2F62706D6E64693A42504D4E4C6162656C3E0D0A2020202020203C2F62706D6E64693A42504D4E53686170653E0D0A2020202020203C62706D6E64693A42504D4E456467652062706D6E456C656D656E743D225F36222069643D2242504D4E456467655F5F362220736F75726365456C656D656E743D225F322220746172676574456C656D656E743D225F33223E0D0A20202020202020203C6F6D6764693A776179706F696E7420783D223236312E302220793D2233372E30222F3E0D0A20202020202020203C6F6D6764693A776179706F696E7420783D223236312E302220793D223130302E30222F3E0D0A20202020202020203C62706D6E64693A42504D4E4C6162656C3E0D0A202020202020202020203C6F6D6764633A426F756E6473206865696768743D22302E30222077696474683D22302E302220783D22302E302220793D22302E30222F3E0D0A20202020202020203C2F62706D6E64693A42504D4E4C6162656C3E0D0A2020202020203C2F62706D6E64693A42504D4E456467653E0D0A2020202020203C62706D6E64693A42504D4E456467652062706D6E456C656D656E743D225F37222069643D2242504D4E456467655F5F372220736F75726365456C656D656E743D225F332220746172676574456C656D656E743D225F34223E0D0A20202020202020203C6F6D6764693A776179706F696E7420783D223236302E302220793D223135352E30222F3E0D0A20202020202020203C6F6D6764693A776179706F696E7420783D223236302E302220793D223139352E30222F3E0D0A20202020202020203C62706D6E64693A42504D4E4C6162656C3E0D0A202020202020202020203C6F6D6764633A426F756E6473206865696768743D22302E30222077696474683D22302E302220783D22302E302220793D22302E30222F3E0D0A20202020202020203C2F62706D6E64693A42504D4E4C6162656C3E0D0A2020202020203C2F62706D6E64693A42504D4E456467653E0D0A2020202020203C62706D6E64693A42504D4E456467652062706D6E456C656D656E743D225F38222069643D2242504D4E456467655F5F382220736F75726365456C656D656E743D225F342220746172676574456C656D656E743D225F35223E0D0A20202020202020203C6F6D6764693A776179706F696E7420783D223237312E302220793D223235302E30222F3E0D0A20202020202020203C6F6D6764693A776179706F696E7420783D223237312E302220793D223238302E30222F3E0D0A20202020202020203C62706D6E64693A42504D4E4C6162656C3E0D0A202020202020202020203C6F6D6764633A426F756E6473206865696768743D22302E30222077696474683D22302E302220783D22302E302220793D22302E30222F3E0D0A20202020202020203C2F62706D6E64693A42504D4E4C6162656C3E0D0A2020202020203C2F62706D6E64693A42504D4E456467653E0D0A202020203C2F62706D6E64693A42504D4E506C616E653E0D0A20203C2F62706D6E64693A42504D4E4469616772616D3E0D0A3C2F646566696E6974696F6E733E0D0A, '0');
INSERT INTO `act_ge_bytearray` VALUES ('49cea505-6515-11eb-8f7d-5afb84297c14', '1', 'F:\\work\\项目实训\\Activiti框架\\projects\\ActivitiSpringBoot\\target\\classes\\processes\\process2.bpmn', '49cea504-6515-11eb-8f7d-5afb84297c14', 0x3C3F786D6C2076657273696F6E3D22312E302220656E636F64696E673D225554462D3822207374616E64616C6F6E653D22796573223F3E0D0A3C646566696E6974696F6E7320786D6C6E733D22687474703A2F2F7777772E6F6D672E6F72672F737065632F42504D4E2F32303130303532342F4D4F44454C2220786D6C6E733A61637469766974693D22687474703A2F2F61637469766974692E6F72672F62706D6E2220786D6C6E733A62706D6E64693D22687474703A2F2F7777772E6F6D672E6F72672F737065632F42504D4E2F32303130303532342F44492220786D6C6E733A6F6D6764633D22687474703A2F2F7777772E6F6D672E6F72672F737065632F44442F32303130303532342F44432220786D6C6E733A6F6D6764693D22687474703A2F2F7777772E6F6D672E6F72672F737065632F44442F32303130303532342F44492220786D6C6E733A746E733D22687474703A2F2F7777772E61637469766974692E6F72672F746573742220786D6C6E733A7873643D22687474703A2F2F7777772E77332E6F72672F323030312F584D4C536368656D612220786D6C6E733A7873693D22687474703A2F2F7777772E77332E6F72672F323030312F584D4C536368656D612D696E7374616E6365222065787072657373696F6E4C616E67756167653D22687474703A2F2F7777772E77332E6F72672F313939392F5850617468222069643D226D3136313232333130373933323222206E616D653D2222207461726765744E616D6573706163653D22687474703A2F2F7777772E61637469766974692E6F72672F746573742220747970654C616E67756167653D22687474703A2F2F7777772E77332E6F72672F323030312F584D4C536368656D61223E0D0A20203C70726F636573732061637469766974693A63616E6469646174655374617274657247726F7570733D2247524F55505F61637469766974695465616D222061637469766974693A63616E6469646174655374617274657255736572733D2273616C61626F79222069643D2270726F636573733222206973436C6F7365643D2266616C73652220697345786563757461626C653D227472756522206E616D653D22E6B581E7A88B32222070726F63657373547970653D224E6F6E65223E0D0A202020203C73746172744576656E742069643D225F3222206E616D653D2253746172744576656E74222F3E0D0A202020203C757365725461736B2061637469766974693A61737369676E65653D22757365723031222061637469766974693A6578636C75736976653D2274727565222069643D225F3322206E616D653D22E8AFB7E5818732222F3E0D0A202020203C757365725461736B2061637469766974693A61737369676E65653D226C6561646572222061637469766974693A63616E64696461746555736572733D226C65616465723032222061637469766974693A6578636C75736976653D2274727565222069643D225F3422206E616D653D22E5AEA1E689B932222F3E0D0A202020203C73657175656E6365466C6F772069643D225F362220736F757263655265663D225F3222207461726765745265663D225F33222F3E0D0A202020203C73657175656E6365466C6F772069643D225F372220736F757263655265663D225F3322207461726765745265663D225F34222F3E0D0A202020203C757365725461736B2061637469766974693A61737369676E65653D226C65616465723131222061637469766974693A63616E64696461746547726F7570733D2247524F55505F61637469766974695465616D342C47524F55505F61637469766974695465616D35222061637469766974693A63616E64696461746555736572733D226C65616465723132222061637469766974693A6578636C75736976653D2274727565222069643D225F3922206E616D653D22E69C80E5908EE5AEA1E689B932222F3E0D0A202020203C73657175656E6365466C6F772069643D225F31302220736F757263655265663D225F3422207461726765745265663D225F39222F3E0D0A202020203C656E644576656E742069643D225F313122206E616D653D22456E644576656E74222F3E0D0A202020203C73657175656E6365466C6F772069643D225F31322220736F757263655265663D225F3922207461726765745265663D225F3131222F3E0D0A20203C2F70726F636573733E0D0A20203C62706D6E64693A42504D4E4469616772616D20646F63756D656E746174696F6E3D226261636B67726F756E643D233343334634313B636F756E743D313B686F72697A6F6E74616C636F756E743D313B6F7269656E746174696F6E3D303B77696474683D3834322E343B6865696768743D313139352E323B696D61676561626C6557696474683D3833322E343B696D61676561626C654865696768743D313138352E323B696D61676561626C65583D352E303B696D61676561626C65593D352E30222069643D224469616772616D2D5F3122206E616D653D224E6577204469616772616D223E0D0A202020203C62706D6E64693A42504D4E506C616E652062706D6E456C656D656E743D2270726F6365737332223E0D0A2020202020203C62706D6E64693A42504D4E53686170652062706D6E456C656D656E743D225F32222069643D2253686170652D5F32223E0D0A20202020202020203C6F6D6764633A426F756E6473206865696768743D2233322E30222077696474683D2233322E302220783D223236352E302220793D2231302E30222F3E0D0A20202020202020203C62706D6E64693A42504D4E4C6162656C3E0D0A202020202020202020203C6F6D6764633A426F756E6473206865696768743D2233322E30222077696474683D2233322E302220783D22302E302220793D22302E30222F3E0D0A20202020202020203C2F62706D6E64693A42504D4E4C6162656C3E0D0A2020202020203C2F62706D6E64693A42504D4E53686170653E0D0A2020202020203C62706D6E64693A42504D4E53686170652062706D6E456C656D656E743D225F33222069643D2253686170652D5F33223E0D0A20202020202020203C6F6D6764633A426F756E6473206865696768743D2235352E30222077696474683D2238352E302220783D223234302E302220793D2239352E30222F3E0D0A20202020202020203C62706D6E64693A42504D4E4C6162656C3E0D0A202020202020202020203C6F6D6764633A426F756E6473206865696768743D2235352E30222077696474683D2238352E302220783D22302E302220793D22302E30222F3E0D0A20202020202020203C2F62706D6E64693A42504D4E4C6162656C3E0D0A2020202020203C2F62706D6E64693A42504D4E53686170653E0D0A2020202020203C62706D6E64693A42504D4E53686170652062706D6E456C656D656E743D225F34222069643D2253686170652D5F34223E0D0A20202020202020203C6F6D6764633A426F756E6473206865696768743D2235352E30222077696474683D2238352E302220783D223234352E302220793D223138352E30222F3E0D0A20202020202020203C62706D6E64693A42504D4E4C6162656C3E0D0A202020202020202020203C6F6D6764633A426F756E6473206865696768743D2235352E30222077696474683D2238352E302220783D22302E302220793D22302E30222F3E0D0A20202020202020203C2F62706D6E64693A42504D4E4C6162656C3E0D0A2020202020203C2F62706D6E64693A42504D4E53686170653E0D0A2020202020203C62706D6E64693A42504D4E53686170652062706D6E456C656D656E743D225F39222069643D2253686170652D5F39223E0D0A20202020202020203C6F6D6764633A426F756E6473206865696768743D2235352E30222077696474683D2238352E302220783D223235302E302220793D223237352E30222F3E0D0A20202020202020203C62706D6E64693A42504D4E4C6162656C3E0D0A202020202020202020203C6F6D6764633A426F756E6473206865696768743D2235352E30222077696474683D2238352E302220783D22302E302220793D22302E30222F3E0D0A20202020202020203C2F62706D6E64693A42504D4E4C6162656C3E0D0A2020202020203C2F62706D6E64693A42504D4E53686170653E0D0A2020202020203C62706D6E64693A42504D4E53686170652062706D6E456C656D656E743D225F3131222069643D2253686170652D5F3131223E0D0A20202020202020203C6F6D6764633A426F756E6473206865696768743D2233322E30222077696474683D2233322E302220783D223238302E302220793D223338352E30222F3E0D0A20202020202020203C62706D6E64693A42504D4E4C6162656C3E0D0A202020202020202020203C6F6D6764633A426F756E6473206865696768743D2233322E30222077696474683D2233322E302220783D22302E302220793D22302E30222F3E0D0A20202020202020203C2F62706D6E64693A42504D4E4C6162656C3E0D0A2020202020203C2F62706D6E64693A42504D4E53686170653E0D0A2020202020203C62706D6E64693A42504D4E456467652062706D6E456C656D656E743D225F3132222069643D2242504D4E456467655F5F31322220736F75726365456C656D656E743D225F392220746172676574456C656D656E743D225F3131223E0D0A20202020202020203C6F6D6764693A776179706F696E7420783D223239362E302220793D223333302E30222F3E0D0A20202020202020203C6F6D6764693A776179706F696E7420783D223239362E302220793D223338352E30222F3E0D0A20202020202020203C62706D6E64693A42504D4E4C6162656C3E0D0A202020202020202020203C6F6D6764633A426F756E6473206865696768743D22302E30222077696474683D22302E302220783D22302E302220793D22302E30222F3E0D0A20202020202020203C2F62706D6E64693A42504D4E4C6162656C3E0D0A2020202020203C2F62706D6E64693A42504D4E456467653E0D0A2020202020203C62706D6E64693A42504D4E456467652062706D6E456C656D656E743D225F36222069643D2242504D4E456467655F5F362220736F75726365456C656D656E743D225F322220746172676574456C656D656E743D225F33223E0D0A20202020202020203C6F6D6764693A776179706F696E7420783D223238312E302220793D2234322E30222F3E0D0A20202020202020203C6F6D6764693A776179706F696E7420783D223238312E302220793D2239352E30222F3E0D0A20202020202020203C62706D6E64693A42504D4E4C6162656C3E0D0A202020202020202020203C6F6D6764633A426F756E6473206865696768743D22302E30222077696474683D22302E302220783D22302E302220793D22302E30222F3E0D0A20202020202020203C2F62706D6E64693A42504D4E4C6162656C3E0D0A2020202020203C2F62706D6E64693A42504D4E456467653E0D0A2020202020203C62706D6E64693A42504D4E456467652062706D6E456C656D656E743D225F37222069643D2242504D4E456467655F5F372220736F75726365456C656D656E743D225F332220746172676574456C656D656E743D225F34223E0D0A20202020202020203C6F6D6764693A776179706F696E7420783D223238352E302220793D223135302E30222F3E0D0A20202020202020203C6F6D6764693A776179706F696E7420783D223238352E302220793D223138352E30222F3E0D0A20202020202020203C62706D6E64693A42504D4E4C6162656C3E0D0A202020202020202020203C6F6D6764633A426F756E6473206865696768743D22302E30222077696474683D22302E302220783D22302E302220793D22302E30222F3E0D0A20202020202020203C2F62706D6E64693A42504D4E4C6162656C3E0D0A2020202020203C2F62706D6E64693A42504D4E456467653E0D0A2020202020203C62706D6E64693A42504D4E456467652062706D6E456C656D656E743D225F3130222069643D2242504D4E456467655F5F31302220736F75726365456C656D656E743D225F342220746172676574456C656D656E743D225F39223E0D0A20202020202020203C6F6D6764693A776179706F696E7420783D223239302E302220793D223234302E30222F3E0D0A20202020202020203C6F6D6764693A776179706F696E7420783D223239302E302220793D223237352E30222F3E0D0A20202020202020203C62706D6E64693A42504D4E4C6162656C3E0D0A202020202020202020203C6F6D6764633A426F756E6473206865696768743D22302E30222077696474683D22302E302220783D22302E302220793D22302E30222F3E0D0A20202020202020203C2F62706D6E64693A42504D4E4C6162656C3E0D0A2020202020203C2F62706D6E64693A42504D4E456467653E0D0A202020203C2F62706D6E64693A42504D4E506C616E653E0D0A20203C2F62706D6E64693A42504D4E4469616772616D3E0D0A3C2F646566696E6974696F6E733E0D0A, '0');
INSERT INTO `act_ge_bytearray` VALUES ('49cecc16-6515-11eb-8f7d-5afb84297c14', '1', 'F:\\work\\项目实训\\Activiti框架\\projects\\ActivitiSpringBoot\\target\\classes\\processes\\process1.bpmn', '49cea504-6515-11eb-8f7d-5afb84297c14', 0x3C3F786D6C2076657273696F6E3D22312E302220656E636F64696E673D225554462D3822207374616E64616C6F6E653D22796573223F3E0D0A3C646566696E6974696F6E7320786D6C6E733D22687474703A2F2F7777772E6F6D672E6F72672F737065632F42504D4E2F32303130303532342F4D4F44454C2220786D6C6E733A61637469766974693D22687474703A2F2F61637469766974692E6F72672F62706D6E2220786D6C6E733A62706D6E64693D22687474703A2F2F7777772E6F6D672E6F72672F737065632F42504D4E2F32303130303532342F44492220786D6C6E733A6F6D6764633D22687474703A2F2F7777772E6F6D672E6F72672F737065632F44442F32303130303532342F44432220786D6C6E733A6F6D6764693D22687474703A2F2F7777772E6F6D672E6F72672F737065632F44442F32303130303532342F44492220786D6C6E733A746E733D22687474703A2F2F7777772E61637469766974692E6F72672F746573742220786D6C6E733A7873643D22687474703A2F2F7777772E77332E6F72672F323030312F584D4C536368656D612220786D6C6E733A7873693D22687474703A2F2F7777772E77332E6F72672F323030312F584D4C536368656D612D696E7374616E6365222065787072657373696F6E4C616E67756167653D22687474703A2F2F7777772E77332E6F72672F313939392F5850617468222069643D226D3136313232333030383334383022206E616D653D2222207461726765744E616D6573706163653D22687474703A2F2F7777772E61637469766974692E6F72672F746573742220747970654C616E67756167653D22687474703A2F2F7777772E77332E6F72672F323030312F584D4C536368656D61223E0D0A20203C70726F636573732069643D2270726F636573733122206973436C6F7365643D2266616C73652220697345786563757461626C653D227472756522206E616D653D22E6B581E7A88B31222070726F63657373547970653D224E6F6E65223E0D0A202020203C73746172744576656E742069643D225F3222206E616D653D2253746172744576656E74222F3E0D0A202020203C757365725461736B2061637469766974693A61737369676E65653D2273616C61626F79222061637469766974693A6578636C75736976653D2274727565222069643D225F3322206E616D653D22E8AFB7E58187222F3E0D0A202020203C757365725461736B2061637469766974693A61737369676E65653D226C6561646572222061637469766974693A6578636C75736976653D2274727565222069643D225F3422206E616D653D22E5AEA1E689B9222F3E0D0A202020203C656E644576656E742069643D225F3522206E616D653D22456E644576656E74222F3E0D0A202020203C73657175656E6365466C6F772069643D225F362220736F757263655265663D225F3222207461726765745265663D225F33222F3E0D0A202020203C73657175656E6365466C6F772069643D225F372220736F757263655265663D225F3322207461726765745265663D225F34222F3E0D0A202020203C73657175656E6365466C6F772069643D225F382220736F757263655265663D225F3422207461726765745265663D225F35222F3E0D0A20203C2F70726F636573733E0D0A20203C62706D6E64693A42504D4E4469616772616D20646F63756D656E746174696F6E3D226261636B67726F756E643D233343334634313B636F756E743D313B686F72697A6F6E74616C636F756E743D313B6F7269656E746174696F6E3D303B77696474683D3834322E343B6865696768743D313139352E323B696D61676561626C6557696474683D3833322E343B696D61676561626C654865696768743D313138352E323B696D61676561626C65583D352E303B696D61676561626C65593D352E30222069643D224469616772616D2D5F3122206E616D653D224E6577204469616772616D223E0D0A202020203C62706D6E64693A42504D4E506C616E652062706D6E456C656D656E743D2270726F6365737331223E0D0A2020202020203C62706D6E64693A42504D4E53686170652062706D6E456C656D656E743D225F32222069643D2253686170652D5F32223E0D0A20202020202020203C6F6D6764633A426F756E6473206865696768743D2233322E30222077696474683D2233322E302220783D223234352E302220793D22352E30222F3E0D0A20202020202020203C62706D6E64693A42504D4E4C6162656C3E0D0A202020202020202020203C6F6D6764633A426F756E6473206865696768743D2233322E30222077696474683D2233322E302220783D22302E302220793D22302E30222F3E0D0A20202020202020203C2F62706D6E64693A42504D4E4C6162656C3E0D0A2020202020203C2F62706D6E64693A42504D4E53686170653E0D0A2020202020203C62706D6E64693A42504D4E53686170652062706D6E456C656D656E743D225F33222069643D2253686170652D5F33223E0D0A20202020202020203C6F6D6764633A426F756E6473206865696768743D2235352E30222077696474683D2238352E302220783D223231352E302220793D223130302E30222F3E0D0A20202020202020203C62706D6E64693A42504D4E4C6162656C3E0D0A202020202020202020203C6F6D6764633A426F756E6473206865696768743D2235352E30222077696474683D2238352E302220783D22302E302220793D22302E30222F3E0D0A20202020202020203C2F62706D6E64693A42504D4E4C6162656C3E0D0A2020202020203C2F62706D6E64693A42504D4E53686170653E0D0A2020202020203C62706D6E64693A42504D4E53686170652062706D6E456C656D656E743D225F34222069643D2253686170652D5F34223E0D0A20202020202020203C6F6D6764633A426F756E6473206865696768743D2235352E30222077696474683D2238352E302220783D223232302E302220793D223139352E30222F3E0D0A20202020202020203C62706D6E64693A42504D4E4C6162656C3E0D0A202020202020202020203C6F6D6764633A426F756E6473206865696768743D2235352E30222077696474683D2238352E302220783D22302E302220793D22302E30222F3E0D0A20202020202020203C2F62706D6E64693A42504D4E4C6162656C3E0D0A2020202020203C2F62706D6E64693A42504D4E53686170653E0D0A2020202020203C62706D6E64693A42504D4E53686170652062706D6E456C656D656E743D225F35222069643D2253686170652D5F35223E0D0A20202020202020203C6F6D6764633A426F756E6473206865696768743D2233322E30222077696474683D2233322E302220783D223235352E302220793D223238302E30222F3E0D0A20202020202020203C62706D6E64693A42504D4E4C6162656C3E0D0A202020202020202020203C6F6D6764633A426F756E6473206865696768743D2233322E30222077696474683D2233322E302220783D22302E302220793D22302E30222F3E0D0A20202020202020203C2F62706D6E64693A42504D4E4C6162656C3E0D0A2020202020203C2F62706D6E64693A42504D4E53686170653E0D0A2020202020203C62706D6E64693A42504D4E456467652062706D6E456C656D656E743D225F36222069643D2242504D4E456467655F5F362220736F75726365456C656D656E743D225F322220746172676574456C656D656E743D225F33223E0D0A20202020202020203C6F6D6764693A776179706F696E7420783D223236312E302220793D2233372E30222F3E0D0A20202020202020203C6F6D6764693A776179706F696E7420783D223236312E302220793D223130302E30222F3E0D0A20202020202020203C62706D6E64693A42504D4E4C6162656C3E0D0A202020202020202020203C6F6D6764633A426F756E6473206865696768743D22302E30222077696474683D22302E302220783D22302E302220793D22302E30222F3E0D0A20202020202020203C2F62706D6E64693A42504D4E4C6162656C3E0D0A2020202020203C2F62706D6E64693A42504D4E456467653E0D0A2020202020203C62706D6E64693A42504D4E456467652062706D6E456C656D656E743D225F37222069643D2242504D4E456467655F5F372220736F75726365456C656D656E743D225F332220746172676574456C656D656E743D225F34223E0D0A20202020202020203C6F6D6764693A776179706F696E7420783D223236302E302220793D223135352E30222F3E0D0A20202020202020203C6F6D6764693A776179706F696E7420783D223236302E302220793D223139352E30222F3E0D0A20202020202020203C62706D6E64693A42504D4E4C6162656C3E0D0A202020202020202020203C6F6D6764633A426F756E6473206865696768743D22302E30222077696474683D22302E302220783D22302E302220793D22302E30222F3E0D0A20202020202020203C2F62706D6E64693A42504D4E4C6162656C3E0D0A2020202020203C2F62706D6E64693A42504D4E456467653E0D0A2020202020203C62706D6E64693A42504D4E456467652062706D6E456C656D656E743D225F38222069643D2242504D4E456467655F5F382220736F75726365456C656D656E743D225F342220746172676574456C656D656E743D225F35223E0D0A20202020202020203C6F6D6764693A776179706F696E7420783D223237312E302220793D223235302E30222F3E0D0A20202020202020203C6F6D6764693A776179706F696E7420783D223237312E302220793D223238302E30222F3E0D0A20202020202020203C62706D6E64693A42504D4E4C6162656C3E0D0A202020202020202020203C6F6D6764633A426F756E6473206865696768743D22302E30222077696474683D22302E302220783D22302E302220793D22302E30222F3E0D0A20202020202020203C2F62706D6E64693A42504D4E4C6162656C3E0D0A2020202020203C2F62706D6E64693A42504D4E456467653E0D0A202020203C2F62706D6E64693A42504D4E506C616E653E0D0A20203C2F62706D6E64693A42504D4E4469616772616D3E0D0A3C2F646566696E6974696F6E733E0D0A, '0');
INSERT INTO `act_ge_bytearray` VALUES ('49cecc17-6515-11eb-8f7d-5afb84297c14', '1', 'F:\\work\\项目实训\\Activiti框架\\projects\\ActivitiSpringBoot\\target\\classes\\processes\\process3.bpmn', '49cea504-6515-11eb-8f7d-5afb84297c14', 0x3C3F786D6C2076657273696F6E3D22312E302220656E636F64696E673D225554462D3822207374616E64616C6F6E653D22796573223F3E0D0A3C646566696E6974696F6E7320786D6C6E733D22687474703A2F2F7777772E6F6D672E6F72672F737065632F42504D4E2F32303130303532342F4D4F44454C2220786D6C6E733A61637469766974693D22687474703A2F2F61637469766974692E6F72672F62706D6E2220786D6C6E733A62706D6E64693D22687474703A2F2F7777772E6F6D672E6F72672F737065632F42504D4E2F32303130303532342F44492220786D6C6E733A6F6D6764633D22687474703A2F2F7777772E6F6D672E6F72672F737065632F44442F32303130303532342F44432220786D6C6E733A6F6D6764693D22687474703A2F2F7777772E6F6D672E6F72672F737065632F44442F32303130303532342F44492220786D6C6E733A746E733D22687474703A2F2F7777772E61637469766974692E6F72672F746573742220786D6C6E733A7873643D22687474703A2F2F7777772E77332E6F72672F323030312F584D4C536368656D612220786D6C6E733A7873693D22687474703A2F2F7777772E77332E6F72672F323030312F584D4C536368656D612D696E7374616E6365222065787072657373696F6E4C616E67756167653D22687474703A2F2F7777772E77332E6F72672F313939392F5850617468222069643D226D3136313232343235373836323322206E616D653D2222207461726765744E616D6573706163653D22687474703A2F2F7777772E61637469766974692E6F72672F746573742220747970654C616E67756167653D22687474703A2F2F7777772E77332E6F72672F323030312F584D4C536368656D61223E0D0A20203C70726F636573732069643D2270726F636573733322206973436C6F7365643D2266616C73652220697345786563757461626C653D227472756522206E616D653D22E6B581E7A88B33222070726F63657373547970653D224E6F6E65223E0D0A202020203C73746172744576656E742069643D225F3222206E616D653D2253746172744576656E74222F3E0D0A202020203C757365725461736B2061637469766974693A63616E64696461746555736572733D227573657231312C757365723132222061637469766974693A6578636C75736976653D2274727565222069643D225F3322206E616D653D22E6B581E7A88B33E4BBBBE58AA131222F3E0D0A202020203C757365725461736B2061637469766974693A63616E64696461746555736572733D226C656164657231312C6C65616465723132222061637469766974693A6578636C75736976653D2274727565222069643D225F3422206E616D653D22E6B581E7A88B33E4BBBBE58AA132222F3E0D0A202020203C656E644576656E742069643D225F3522206E616D653D22456E644576656E74222F3E0D0A202020203C73657175656E6365466C6F772069643D225F362220736F757263655265663D225F3222207461726765745265663D225F33222F3E0D0A202020203C73657175656E6365466C6F772069643D225F372220736F757263655265663D225F3322207461726765745265663D225F34222F3E0D0A202020203C73657175656E6365466C6F772069643D225F382220736F757263655265663D225F3422207461726765745265663D225F35222F3E0D0A20203C2F70726F636573733E0D0A20203C62706D6E64693A42504D4E4469616772616D20646F63756D656E746174696F6E3D226261636B67726F756E643D233343334634313B636F756E743D313B686F72697A6F6E74616C636F756E743D313B6F7269656E746174696F6E3D303B77696474683D3834322E343B6865696768743D313139352E323B696D61676561626C6557696474683D3833322E343B696D61676561626C654865696768743D313138352E323B696D61676561626C65583D352E303B696D61676561626C65593D352E30222069643D224469616772616D2D5F3122206E616D653D224E6577204469616772616D223E0D0A202020203C62706D6E64693A42504D4E506C616E652062706D6E456C656D656E743D2270726F6365737333223E0D0A2020202020203C62706D6E64693A42504D4E53686170652062706D6E456C656D656E743D225F32222069643D2253686170652D5F32223E0D0A20202020202020203C6F6D6764633A426F756E6473206865696768743D2233322E30222077696474683D2233322E302220783D223238352E302220793D2232302E30222F3E0D0A20202020202020203C62706D6E64693A42504D4E4C6162656C3E0D0A202020202020202020203C6F6D6764633A426F756E6473206865696768743D2233322E30222077696474683D2233322E302220783D22302E302220793D22302E30222F3E0D0A20202020202020203C2F62706D6E64693A42504D4E4C6162656C3E0D0A2020202020203C2F62706D6E64693A42504D4E53686170653E0D0A2020202020203C62706D6E64693A42504D4E53686170652062706D6E456C656D656E743D225F33222069643D2253686170652D5F33223E0D0A20202020202020203C6F6D6764633A426F756E6473206865696768743D2235352E30222077696474683D2238352E302220783D223236352E302220793D223131302E30222F3E0D0A20202020202020203C62706D6E64693A42504D4E4C6162656C3E0D0A202020202020202020203C6F6D6764633A426F756E6473206865696768743D2235352E30222077696474683D2238352E302220783D22302E302220793D22302E30222F3E0D0A20202020202020203C2F62706D6E64693A42504D4E4C6162656C3E0D0A2020202020203C2F62706D6E64693A42504D4E53686170653E0D0A2020202020203C62706D6E64693A42504D4E53686170652062706D6E456C656D656E743D225F34222069643D2253686170652D5F34223E0D0A20202020202020203C6F6D6764633A426F756E6473206865696768743D2235352E30222077696474683D2238352E302220783D223237302E302220793D223230302E30222F3E0D0A20202020202020203C62706D6E64693A42504D4E4C6162656C3E0D0A202020202020202020203C6F6D6764633A426F756E6473206865696768743D2235352E30222077696474683D2238352E302220783D22302E302220793D22302E30222F3E0D0A20202020202020203C2F62706D6E64693A42504D4E4C6162656C3E0D0A2020202020203C2F62706D6E64693A42504D4E53686170653E0D0A2020202020203C62706D6E64693A42504D4E53686170652062706D6E456C656D656E743D225F35222069643D2253686170652D5F35223E0D0A20202020202020203C6F6D6764633A426F756E6473206865696768743D2233322E30222077696474683D2233322E302220783D223239352E302220793D223239352E30222F3E0D0A20202020202020203C62706D6E64693A42504D4E4C6162656C3E0D0A202020202020202020203C6F6D6764633A426F756E6473206865696768743D2233322E30222077696474683D2233322E302220783D22302E302220793D22302E30222F3E0D0A20202020202020203C2F62706D6E64693A42504D4E4C6162656C3E0D0A2020202020203C2F62706D6E64693A42504D4E53686170653E0D0A2020202020203C62706D6E64693A42504D4E456467652062706D6E456C656D656E743D225F36222069643D2242504D4E456467655F5F362220736F75726365456C656D656E743D225F322220746172676574456C656D656E743D225F33223E0D0A20202020202020203C6F6D6764693A776179706F696E7420783D223330312E302220793D2235322E30222F3E0D0A20202020202020203C6F6D6764693A776179706F696E7420783D223330312E302220793D223131302E30222F3E0D0A20202020202020203C62706D6E64693A42504D4E4C6162656C3E0D0A202020202020202020203C6F6D6764633A426F756E6473206865696768743D22302E30222077696474683D22302E302220783D22302E302220793D22302E30222F3E0D0A20202020202020203C2F62706D6E64693A42504D4E4C6162656C3E0D0A2020202020203C2F62706D6E64693A42504D4E456467653E0D0A2020202020203C62706D6E64693A42504D4E456467652062706D6E456C656D656E743D225F37222069643D2242504D4E456467655F5F372220736F75726365456C656D656E743D225F332220746172676574456C656D656E743D225F34223E0D0A20202020202020203C6F6D6764693A776179706F696E7420783D223331302E302220793D223136352E30222F3E0D0A20202020202020203C6F6D6764693A776179706F696E7420783D223331302E302220793D223230302E30222F3E0D0A20202020202020203C62706D6E64693A42504D4E4C6162656C3E0D0A202020202020202020203C6F6D6764633A426F756E6473206865696768743D22302E30222077696474683D22302E302220783D22302E302220793D22302E30222F3E0D0A20202020202020203C2F62706D6E64693A42504D4E4C6162656C3E0D0A2020202020203C2F62706D6E64693A42504D4E456467653E0D0A2020202020203C62706D6E64693A42504D4E456467652062706D6E456C656D656E743D225F38222069643D2242504D4E456467655F5F382220736F75726365456C656D656E743D225F342220746172676574456C656D656E743D225F35223E0D0A20202020202020203C6F6D6764693A776179706F696E7420783D223331312E302220793D223235352E30222F3E0D0A20202020202020203C6F6D6764693A776179706F696E7420783D223331312E302220793D223239352E30222F3E0D0A20202020202020203C62706D6E64693A42504D4E4C6162656C3E0D0A202020202020202020203C6F6D6764633A426F756E6473206865696768743D22302E30222077696474683D22302E302220783D22302E302220793D22302E30222F3E0D0A20202020202020203C2F62706D6E64693A42504D4E4C6162656C3E0D0A2020202020203C2F62706D6E64693A42504D4E456467653E0D0A202020203C2F62706D6E64693A42504D4E506C616E653E0D0A20203C2F62706D6E64693A42504D4E4469616772616D3E0D0A3C2F646566696E6974696F6E733E0D0A, '0');
INSERT INTO `act_ge_bytearray` VALUES ('6d2cd29b-6513-11eb-b26a-5afb84297c14', '1', 'F:\\work\\项目实训\\Activiti框架\\projects\\ActivitiSpringBoot\\target\\classes\\processes\\process2.bpmn', '6d2cd29a-6513-11eb-b26a-5afb84297c14', 0x3C3F786D6C2076657273696F6E3D22312E302220656E636F64696E673D225554462D3822207374616E64616C6F6E653D22796573223F3E0D0A3C646566696E6974696F6E7320786D6C6E733D22687474703A2F2F7777772E6F6D672E6F72672F737065632F42504D4E2F32303130303532342F4D4F44454C2220786D6C6E733A61637469766974693D22687474703A2F2F61637469766974692E6F72672F62706D6E2220786D6C6E733A62706D6E64693D22687474703A2F2F7777772E6F6D672E6F72672F737065632F42504D4E2F32303130303532342F44492220786D6C6E733A6F6D6764633D22687474703A2F2F7777772E6F6D672E6F72672F737065632F44442F32303130303532342F44432220786D6C6E733A6F6D6764693D22687474703A2F2F7777772E6F6D672E6F72672F737065632F44442F32303130303532342F44492220786D6C6E733A746E733D22687474703A2F2F7777772E61637469766974692E6F72672F746573742220786D6C6E733A7873643D22687474703A2F2F7777772E77332E6F72672F323030312F584D4C536368656D612220786D6C6E733A7873693D22687474703A2F2F7777772E77332E6F72672F323030312F584D4C536368656D612D696E7374616E6365222065787072657373696F6E4C616E67756167653D22687474703A2F2F7777772E77332E6F72672F313939392F5850617468222069643D226D3136313232333130373933323222206E616D653D2222207461726765744E616D6573706163653D22687474703A2F2F7777772E61637469766974692E6F72672F746573742220747970654C616E67756167653D22687474703A2F2F7777772E77332E6F72672F323030312F584D4C536368656D61223E0D0A20203C70726F636573732061637469766974693A63616E6469646174655374617274657247726F7570733D2247524F55505F61637469766974695465616D222061637469766974693A63616E6469646174655374617274657255736572733D2273616C61626F79222069643D2270726F636573733222206973436C6F7365643D2266616C73652220697345786563757461626C653D227472756522206E616D653D22E6B581E7A88B32222070726F63657373547970653D224E6F6E65223E0D0A202020203C73746172744576656E742069643D225F3222206E616D653D2253746172744576656E74222F3E0D0A202020203C757365725461736B2061637469766974693A61737369676E65653D22757365723031222061637469766974693A6578636C75736976653D2274727565222069643D225F3322206E616D653D22E8AFB7E5818732222F3E0D0A202020203C757365725461736B2061637469766974693A61737369676E65653D226C6561646572222061637469766974693A63616E64696461746555736572733D226C65616465723032222061637469766974693A6578636C75736976653D2274727565222069643D225F3422206E616D653D22E5AEA1E689B932222F3E0D0A202020203C73657175656E6365466C6F772069643D225F362220736F757263655265663D225F3222207461726765745265663D225F33222F3E0D0A202020203C73657175656E6365466C6F772069643D225F372220736F757263655265663D225F3322207461726765745265663D225F34222F3E0D0A202020203C757365725461736B2061637469766974693A61737369676E65653D226C65616465723131222061637469766974693A63616E64696461746547726F7570733D2247524F55505F61637469766974695465616D342C47524F55505F61637469766974695465616D35222061637469766974693A63616E64696461746555736572733D226C65616465723132222061637469766974693A6578636C75736976653D2274727565222069643D225F3922206E616D653D22E69C80E5908EE5AEA1E689B932222F3E0D0A202020203C73657175656E6365466C6F772069643D225F31302220736F757263655265663D225F3422207461726765745265663D225F39222F3E0D0A202020203C656E644576656E742069643D225F313122206E616D653D22456E644576656E74222F3E0D0A202020203C73657175656E6365466C6F772069643D225F31322220736F757263655265663D225F3922207461726765745265663D225F3131222F3E0D0A20203C2F70726F636573733E0D0A20203C62706D6E64693A42504D4E4469616772616D20646F63756D656E746174696F6E3D226261636B67726F756E643D233343334634313B636F756E743D313B686F72697A6F6E74616C636F756E743D313B6F7269656E746174696F6E3D303B77696474683D3834322E343B6865696768743D313139352E323B696D61676561626C6557696474683D3833322E343B696D61676561626C654865696768743D313138352E323B696D61676561626C65583D352E303B696D61676561626C65593D352E30222069643D224469616772616D2D5F3122206E616D653D224E6577204469616772616D223E0D0A202020203C62706D6E64693A42504D4E506C616E652062706D6E456C656D656E743D2270726F6365737332223E0D0A2020202020203C62706D6E64693A42504D4E53686170652062706D6E456C656D656E743D225F32222069643D2253686170652D5F32223E0D0A20202020202020203C6F6D6764633A426F756E6473206865696768743D2233322E30222077696474683D2233322E302220783D223236352E302220793D2231302E30222F3E0D0A20202020202020203C62706D6E64693A42504D4E4C6162656C3E0D0A202020202020202020203C6F6D6764633A426F756E6473206865696768743D2233322E30222077696474683D2233322E302220783D22302E302220793D22302E30222F3E0D0A20202020202020203C2F62706D6E64693A42504D4E4C6162656C3E0D0A2020202020203C2F62706D6E64693A42504D4E53686170653E0D0A2020202020203C62706D6E64693A42504D4E53686170652062706D6E456C656D656E743D225F33222069643D2253686170652D5F33223E0D0A20202020202020203C6F6D6764633A426F756E6473206865696768743D2235352E30222077696474683D2238352E302220783D223234302E302220793D2239352E30222F3E0D0A20202020202020203C62706D6E64693A42504D4E4C6162656C3E0D0A202020202020202020203C6F6D6764633A426F756E6473206865696768743D2235352E30222077696474683D2238352E302220783D22302E302220793D22302E30222F3E0D0A20202020202020203C2F62706D6E64693A42504D4E4C6162656C3E0D0A2020202020203C2F62706D6E64693A42504D4E53686170653E0D0A2020202020203C62706D6E64693A42504D4E53686170652062706D6E456C656D656E743D225F34222069643D2253686170652D5F34223E0D0A20202020202020203C6F6D6764633A426F756E6473206865696768743D2235352E30222077696474683D2238352E302220783D223234352E302220793D223138352E30222F3E0D0A20202020202020203C62706D6E64693A42504D4E4C6162656C3E0D0A202020202020202020203C6F6D6764633A426F756E6473206865696768743D2235352E30222077696474683D2238352E302220783D22302E302220793D22302E30222F3E0D0A20202020202020203C2F62706D6E64693A42504D4E4C6162656C3E0D0A2020202020203C2F62706D6E64693A42504D4E53686170653E0D0A2020202020203C62706D6E64693A42504D4E53686170652062706D6E456C656D656E743D225F39222069643D2253686170652D5F39223E0D0A20202020202020203C6F6D6764633A426F756E6473206865696768743D2235352E30222077696474683D2238352E302220783D223235302E302220793D223237352E30222F3E0D0A20202020202020203C62706D6E64693A42504D4E4C6162656C3E0D0A202020202020202020203C6F6D6764633A426F756E6473206865696768743D2235352E30222077696474683D2238352E302220783D22302E302220793D22302E30222F3E0D0A20202020202020203C2F62706D6E64693A42504D4E4C6162656C3E0D0A2020202020203C2F62706D6E64693A42504D4E53686170653E0D0A2020202020203C62706D6E64693A42504D4E53686170652062706D6E456C656D656E743D225F3131222069643D2253686170652D5F3131223E0D0A20202020202020203C6F6D6764633A426F756E6473206865696768743D2233322E30222077696474683D2233322E302220783D223238302E302220793D223338352E30222F3E0D0A20202020202020203C62706D6E64693A42504D4E4C6162656C3E0D0A202020202020202020203C6F6D6764633A426F756E6473206865696768743D2233322E30222077696474683D2233322E302220783D22302E302220793D22302E30222F3E0D0A20202020202020203C2F62706D6E64693A42504D4E4C6162656C3E0D0A2020202020203C2F62706D6E64693A42504D4E53686170653E0D0A2020202020203C62706D6E64693A42504D4E456467652062706D6E456C656D656E743D225F3132222069643D2242504D4E456467655F5F31322220736F75726365456C656D656E743D225F392220746172676574456C656D656E743D225F3131223E0D0A20202020202020203C6F6D6764693A776179706F696E7420783D223239362E302220793D223333302E30222F3E0D0A20202020202020203C6F6D6764693A776179706F696E7420783D223239362E302220793D223338352E30222F3E0D0A20202020202020203C62706D6E64693A42504D4E4C6162656C3E0D0A202020202020202020203C6F6D6764633A426F756E6473206865696768743D22302E30222077696474683D22302E302220783D22302E302220793D22302E30222F3E0D0A20202020202020203C2F62706D6E64693A42504D4E4C6162656C3E0D0A2020202020203C2F62706D6E64693A42504D4E456467653E0D0A2020202020203C62706D6E64693A42504D4E456467652062706D6E456C656D656E743D225F36222069643D2242504D4E456467655F5F362220736F75726365456C656D656E743D225F322220746172676574456C656D656E743D225F33223E0D0A20202020202020203C6F6D6764693A776179706F696E7420783D223238312E302220793D2234322E30222F3E0D0A20202020202020203C6F6D6764693A776179706F696E7420783D223238312E302220793D2239352E30222F3E0D0A20202020202020203C62706D6E64693A42504D4E4C6162656C3E0D0A202020202020202020203C6F6D6764633A426F756E6473206865696768743D22302E30222077696474683D22302E302220783D22302E302220793D22302E30222F3E0D0A20202020202020203C2F62706D6E64693A42504D4E4C6162656C3E0D0A2020202020203C2F62706D6E64693A42504D4E456467653E0D0A2020202020203C62706D6E64693A42504D4E456467652062706D6E456C656D656E743D225F37222069643D2242504D4E456467655F5F372220736F75726365456C656D656E743D225F332220746172676574456C656D656E743D225F34223E0D0A20202020202020203C6F6D6764693A776179706F696E7420783D223238352E302220793D223135302E30222F3E0D0A20202020202020203C6F6D6764693A776179706F696E7420783D223238352E302220793D223138352E30222F3E0D0A20202020202020203C62706D6E64693A42504D4E4C6162656C3E0D0A202020202020202020203C6F6D6764633A426F756E6473206865696768743D22302E30222077696474683D22302E302220783D22302E302220793D22302E30222F3E0D0A20202020202020203C2F62706D6E64693A42504D4E4C6162656C3E0D0A2020202020203C2F62706D6E64693A42504D4E456467653E0D0A2020202020203C62706D6E64693A42504D4E456467652062706D6E456C656D656E743D225F3130222069643D2242504D4E456467655F5F31302220736F75726365456C656D656E743D225F342220746172676574456C656D656E743D225F39223E0D0A20202020202020203C6F6D6764693A776179706F696E7420783D223239302E302220793D223234302E30222F3E0D0A20202020202020203C6F6D6764693A776179706F696E7420783D223239302E302220793D223237352E30222F3E0D0A20202020202020203C62706D6E64693A42504D4E4C6162656C3E0D0A202020202020202020203C6F6D6764633A426F756E6473206865696768743D22302E30222077696474683D22302E302220783D22302E302220793D22302E30222F3E0D0A20202020202020203C2F62706D6E64693A42504D4E4C6162656C3E0D0A2020202020203C2F62706D6E64693A42504D4E456467653E0D0A202020203C2F62706D6E64693A42504D4E506C616E653E0D0A20203C2F62706D6E64693A42504D4E4469616772616D3E0D0A3C2F646566696E6974696F6E733E0D0A, '0');
INSERT INTO `act_ge_bytearray` VALUES ('6d2cf9ac-6513-11eb-b26a-5afb84297c14', '1', 'F:\\work\\项目实训\\Activiti框架\\projects\\ActivitiSpringBoot\\target\\classes\\processes\\process1.bpmn', '6d2cd29a-6513-11eb-b26a-5afb84297c14', 0x3C3F786D6C2076657273696F6E3D22312E302220656E636F64696E673D225554462D3822207374616E64616C6F6E653D22796573223F3E0D0A3C646566696E6974696F6E7320786D6C6E733D22687474703A2F2F7777772E6F6D672E6F72672F737065632F42504D4E2F32303130303532342F4D4F44454C2220786D6C6E733A61637469766974693D22687474703A2F2F61637469766974692E6F72672F62706D6E2220786D6C6E733A62706D6E64693D22687474703A2F2F7777772E6F6D672E6F72672F737065632F42504D4E2F32303130303532342F44492220786D6C6E733A6F6D6764633D22687474703A2F2F7777772E6F6D672E6F72672F737065632F44442F32303130303532342F44432220786D6C6E733A6F6D6764693D22687474703A2F2F7777772E6F6D672E6F72672F737065632F44442F32303130303532342F44492220786D6C6E733A746E733D22687474703A2F2F7777772E61637469766974692E6F72672F746573742220786D6C6E733A7873643D22687474703A2F2F7777772E77332E6F72672F323030312F584D4C536368656D612220786D6C6E733A7873693D22687474703A2F2F7777772E77332E6F72672F323030312F584D4C536368656D612D696E7374616E6365222065787072657373696F6E4C616E67756167653D22687474703A2F2F7777772E77332E6F72672F313939392F5850617468222069643D226D3136313232333030383334383022206E616D653D2222207461726765744E616D6573706163653D22687474703A2F2F7777772E61637469766974692E6F72672F746573742220747970654C616E67756167653D22687474703A2F2F7777772E77332E6F72672F323030312F584D4C536368656D61223E0D0A20203C70726F636573732069643D2270726F636573733122206973436C6F7365643D2266616C73652220697345786563757461626C653D227472756522206E616D653D22E6B581E7A88B31222070726F63657373547970653D224E6F6E65223E0D0A202020203C73746172744576656E742069643D225F3222206E616D653D2253746172744576656E74222F3E0D0A202020203C757365725461736B2061637469766974693A61737369676E65653D2273616C61626F79222061637469766974693A6578636C75736976653D2274727565222069643D225F3322206E616D653D22E8AFB7E58187222F3E0D0A202020203C757365725461736B2061637469766974693A61737369676E65653D226C6561646572222061637469766974693A6578636C75736976653D2274727565222069643D225F3422206E616D653D22E5AEA1E689B9222F3E0D0A202020203C656E644576656E742069643D225F3522206E616D653D22456E644576656E74222F3E0D0A202020203C73657175656E6365466C6F772069643D225F362220736F757263655265663D225F3222207461726765745265663D225F33222F3E0D0A202020203C73657175656E6365466C6F772069643D225F372220736F757263655265663D225F3322207461726765745265663D225F34222F3E0D0A202020203C73657175656E6365466C6F772069643D225F382220736F757263655265663D225F3422207461726765745265663D225F35222F3E0D0A20203C2F70726F636573733E0D0A20203C62706D6E64693A42504D4E4469616772616D20646F63756D656E746174696F6E3D226261636B67726F756E643D233343334634313B636F756E743D313B686F72697A6F6E74616C636F756E743D313B6F7269656E746174696F6E3D303B77696474683D3834322E343B6865696768743D313139352E323B696D61676561626C6557696474683D3833322E343B696D61676561626C654865696768743D313138352E323B696D61676561626C65583D352E303B696D61676561626C65593D352E30222069643D224469616772616D2D5F3122206E616D653D224E6577204469616772616D223E0D0A202020203C62706D6E64693A42504D4E506C616E652062706D6E456C656D656E743D2270726F6365737331223E0D0A2020202020203C62706D6E64693A42504D4E53686170652062706D6E456C656D656E743D225F32222069643D2253686170652D5F32223E0D0A20202020202020203C6F6D6764633A426F756E6473206865696768743D2233322E30222077696474683D2233322E302220783D223234352E302220793D22352E30222F3E0D0A20202020202020203C62706D6E64693A42504D4E4C6162656C3E0D0A202020202020202020203C6F6D6764633A426F756E6473206865696768743D2233322E30222077696474683D2233322E302220783D22302E302220793D22302E30222F3E0D0A20202020202020203C2F62706D6E64693A42504D4E4C6162656C3E0D0A2020202020203C2F62706D6E64693A42504D4E53686170653E0D0A2020202020203C62706D6E64693A42504D4E53686170652062706D6E456C656D656E743D225F33222069643D2253686170652D5F33223E0D0A20202020202020203C6F6D6764633A426F756E6473206865696768743D2235352E30222077696474683D2238352E302220783D223231352E302220793D223130302E30222F3E0D0A20202020202020203C62706D6E64693A42504D4E4C6162656C3E0D0A202020202020202020203C6F6D6764633A426F756E6473206865696768743D2235352E30222077696474683D2238352E302220783D22302E302220793D22302E30222F3E0D0A20202020202020203C2F62706D6E64693A42504D4E4C6162656C3E0D0A2020202020203C2F62706D6E64693A42504D4E53686170653E0D0A2020202020203C62706D6E64693A42504D4E53686170652062706D6E456C656D656E743D225F34222069643D2253686170652D5F34223E0D0A20202020202020203C6F6D6764633A426F756E6473206865696768743D2235352E30222077696474683D2238352E302220783D223232302E302220793D223139352E30222F3E0D0A20202020202020203C62706D6E64693A42504D4E4C6162656C3E0D0A202020202020202020203C6F6D6764633A426F756E6473206865696768743D2235352E30222077696474683D2238352E302220783D22302E302220793D22302E30222F3E0D0A20202020202020203C2F62706D6E64693A42504D4E4C6162656C3E0D0A2020202020203C2F62706D6E64693A42504D4E53686170653E0D0A2020202020203C62706D6E64693A42504D4E53686170652062706D6E456C656D656E743D225F35222069643D2253686170652D5F35223E0D0A20202020202020203C6F6D6764633A426F756E6473206865696768743D2233322E30222077696474683D2233322E302220783D223235352E302220793D223238302E30222F3E0D0A20202020202020203C62706D6E64693A42504D4E4C6162656C3E0D0A202020202020202020203C6F6D6764633A426F756E6473206865696768743D2233322E30222077696474683D2233322E302220783D22302E302220793D22302E30222F3E0D0A20202020202020203C2F62706D6E64693A42504D4E4C6162656C3E0D0A2020202020203C2F62706D6E64693A42504D4E53686170653E0D0A2020202020203C62706D6E64693A42504D4E456467652062706D6E456C656D656E743D225F36222069643D2242504D4E456467655F5F362220736F75726365456C656D656E743D225F322220746172676574456C656D656E743D225F33223E0D0A20202020202020203C6F6D6764693A776179706F696E7420783D223236312E302220793D2233372E30222F3E0D0A20202020202020203C6F6D6764693A776179706F696E7420783D223236312E302220793D223130302E30222F3E0D0A20202020202020203C62706D6E64693A42504D4E4C6162656C3E0D0A202020202020202020203C6F6D6764633A426F756E6473206865696768743D22302E30222077696474683D22302E302220783D22302E302220793D22302E30222F3E0D0A20202020202020203C2F62706D6E64693A42504D4E4C6162656C3E0D0A2020202020203C2F62706D6E64693A42504D4E456467653E0D0A2020202020203C62706D6E64693A42504D4E456467652062706D6E456C656D656E743D225F37222069643D2242504D4E456467655F5F372220736F75726365456C656D656E743D225F332220746172676574456C656D656E743D225F34223E0D0A20202020202020203C6F6D6764693A776179706F696E7420783D223236302E302220793D223135352E30222F3E0D0A20202020202020203C6F6D6764693A776179706F696E7420783D223236302E302220793D223139352E30222F3E0D0A20202020202020203C62706D6E64693A42504D4E4C6162656C3E0D0A202020202020202020203C6F6D6764633A426F756E6473206865696768743D22302E30222077696474683D22302E302220783D22302E302220793D22302E30222F3E0D0A20202020202020203C2F62706D6E64693A42504D4E4C6162656C3E0D0A2020202020203C2F62706D6E64693A42504D4E456467653E0D0A2020202020203C62706D6E64693A42504D4E456467652062706D6E456C656D656E743D225F38222069643D2242504D4E456467655F5F382220736F75726365456C656D656E743D225F342220746172676574456C656D656E743D225F35223E0D0A20202020202020203C6F6D6764693A776179706F696E7420783D223237312E302220793D223235302E30222F3E0D0A20202020202020203C6F6D6764693A776179706F696E7420783D223237312E302220793D223238302E30222F3E0D0A20202020202020203C62706D6E64693A42504D4E4C6162656C3E0D0A202020202020202020203C6F6D6764633A426F756E6473206865696768743D22302E30222077696474683D22302E302220783D22302E302220793D22302E30222F3E0D0A20202020202020203C2F62706D6E64693A42504D4E4C6162656C3E0D0A2020202020203C2F62706D6E64693A42504D4E456467653E0D0A202020203C2F62706D6E64693A42504D4E506C616E653E0D0A20203C2F62706D6E64693A42504D4E4469616772616D3E0D0A3C2F646566696E6974696F6E733E0D0A, '0');
INSERT INTO `act_ge_bytearray` VALUES ('af082c0f-64f7-11eb-ac6b-5afb84297c14', '1', 'F:\\work\\项目实训\\Activiti框架\\projects\\ActivitiSpringBoot\\target\\classes\\processes\\team01.bpmn', 'af082c0e-64f7-11eb-ac6b-5afb84297c14', 0x3C3F786D6C2076657273696F6E3D22312E302220656E636F64696E673D225554462D3822207374616E64616C6F6E653D22796573223F3E0D0A3C646566696E6974696F6E7320786D6C6E733D22687474703A2F2F7777772E6F6D672E6F72672F737065632F42504D4E2F32303130303532342F4D4F44454C2220786D6C6E733A61637469766974693D22687474703A2F2F61637469766974692E6F72672F62706D6E2220786D6C6E733A62706D6E64693D22687474703A2F2F7777772E6F6D672E6F72672F737065632F42504D4E2F32303130303532342F44492220786D6C6E733A6F6D6764633D22687474703A2F2F7777772E6F6D672E6F72672F737065632F44442F32303130303532342F44432220786D6C6E733A6F6D6764693D22687474703A2F2F7777772E6F6D672E6F72672F737065632F44442F32303130303532342F44492220786D6C6E733A746E733D22687474703A2F2F7777772E61637469766974692E6F72672F746573742220786D6C6E733A7873643D22687474703A2F2F7777772E77332E6F72672F323030312F584D4C536368656D612220786D6C6E733A7873693D22687474703A2F2F7777772E77332E6F72672F323030312F584D4C536368656D612D696E7374616E6365222065787072657373696F6E4C616E67756167653D22687474703A2F2F7777772E77332E6F72672F313939392F5850617468222069643D226D3135343431363732363938303922206E616D653D2222207461726765744E616D6573706163653D22687474703A2F2F7777772E61637469766974692E6F72672F746573742220747970654C616E67756167653D22687474703A2F2F7777772E77332E6F72672F323030312F584D4C536368656D61223E0D0A20203C70726F636573732069643D226D7950726F636573735F3122206973436C6F7365643D2266616C73652220697345786563757461626C653D2274727565222070726F63657373547970653D224E6F6E65223E0D0A202020203C73746172744576656E742069643D225F3222206E616D653D2253746172744576656E74222F3E0D0A202020203C757365725461736B2061637469766974693A61737369676E65653D22247B61737369676E6565307D222061637469766974693A63616E64696461746547726F7570733D2261637469766974695465616D222061637469766974693A63616E64696461746555736572733D22E5BCA0E4B889222061637469766974693A6578636C75736976653D2274727565222069643D225F3322206E616D653D226669727374222F3E0D0A202020203C757365725461736B2061637469766974693A61737369676E65653D22247B61737369676E6565317D222061637469766974693A63616E64696461746547726F7570733D2261637469766974695465616D222061637469766974693A63616E64696461746555736572733D22E69D8EE59B9B222061637469766974693A6578636C75736976653D2274727565222069643D225F3422206E616D653D227365636F6E64222F3E0D0A202020203C656E644576656E742069643D225F3522206E616D653D22456E644576656E74222F3E0D0A202020203C73657175656E6365466C6F772069643D225F362220736F757263655265663D225F3222207461726765745265663D225F33222F3E0D0A202020203C73657175656E6365466C6F772069643D225F372220736F757263655265663D225F3322207461726765745265663D225F34222F3E0D0A202020203C757365725461736B2061637469766974693A61737369676E65653D22247B61737369676E6565307D222061637469766974693A63616E64696461746555736572733D22E78E8BE4BA94222061637469766974693A6578636C75736976653D2274727565222069643D225F3922206E616D653D227468726565222F3E0D0A202020203C73657175656E6365466C6F772069643D225F31302220736F757263655265663D225F3422207461726765745265663D225F39222F3E0D0A202020203C73657175656E6365466C6F772069643D225F31312220736F757263655265663D225F3922207461726765745265663D225F35222F3E0D0A20203C2F70726F636573733E0D0A20203C62706D6E64693A42504D4E4469616772616D20646F63756D656E746174696F6E3D226261636B67726F756E643D234646464646463B636F756E743D313B686F72697A6F6E74616C636F756E743D313B6F7269656E746174696F6E3D303B77696474683D3834322E343B6865696768743D313139352E323B696D61676561626C6557696474683D3833322E343B696D61676561626C654865696768743D313138352E323B696D61676561626C65583D352E303B696D61676561626C65593D352E30222069643D224469616772616D2D5F3122206E616D653D224E6577204469616772616D223E0D0A202020203C62706D6E64693A42504D4E506C616E652062706D6E456C656D656E743D226D7950726F636573735F31223E0D0A2020202020203C62706D6E64693A42504D4E53686170652062706D6E456C656D656E743D225F32222069643D2253686170652D5F32223E0D0A20202020202020203C6F6D6764633A426F756E6473206865696768743D2233322E30222077696474683D2233322E302220783D2236352E302220793D2238302E30222F3E0D0A20202020202020203C62706D6E64693A42504D4E4C6162656C3E0D0A202020202020202020203C6F6D6764633A426F756E6473206865696768743D2233322E30222077696474683D2233322E302220783D22302E302220793D22302E30222F3E0D0A20202020202020203C2F62706D6E64693A42504D4E4C6162656C3E0D0A2020202020203C2F62706D6E64693A42504D4E53686170653E0D0A2020202020203C62706D6E64693A42504D4E53686170652062706D6E456C656D656E743D225F33222069643D2253686170652D5F33223E0D0A20202020202020203C6F6D6764633A426F756E6473206865696768743D2235352E30222077696474683D2238352E302220783D223137302E302220793D223131352E30222F3E0D0A20202020202020203C62706D6E64693A42504D4E4C6162656C3E0D0A202020202020202020203C6F6D6764633A426F756E6473206865696768743D2235352E30222077696474683D2238352E302220783D22302E302220793D22302E30222F3E0D0A20202020202020203C2F62706D6E64693A42504D4E4C6162656C3E0D0A2020202020203C2F62706D6E64693A42504D4E53686170653E0D0A2020202020203C62706D6E64693A42504D4E53686170652062706D6E456C656D656E743D225F34222069643D2253686170652D5F34223E0D0A20202020202020203C6F6D6764633A426F756E6473206865696768743D2235352E30222077696474683D2238352E302220783D223331302E302220793D223135352E30222F3E0D0A20202020202020203C62706D6E64693A42504D4E4C6162656C3E0D0A202020202020202020203C6F6D6764633A426F756E6473206865696768743D2235352E30222077696474683D2238352E302220783D22302E302220793D22302E30222F3E0D0A20202020202020203C2F62706D6E64693A42504D4E4C6162656C3E0D0A2020202020203C2F62706D6E64693A42504D4E53686170653E0D0A2020202020203C62706D6E64693A42504D4E53686170652062706D6E456C656D656E743D225F35222069643D2253686170652D5F35223E0D0A20202020202020203C6F6D6764633A426F756E6473206865696768743D2233322E30222077696474683D2233322E302220783D223530352E302220793D223232302E30222F3E0D0A20202020202020203C62706D6E64693A42504D4E4C6162656C3E0D0A202020202020202020203C6F6D6764633A426F756E6473206865696768743D2233322E30222077696474683D2233322E302220783D22302E302220793D22302E30222F3E0D0A20202020202020203C2F62706D6E64693A42504D4E4C6162656C3E0D0A2020202020203C2F62706D6E64693A42504D4E53686170653E0D0A2020202020203C62706D6E64693A42504D4E53686170652062706D6E456C656D656E743D225F39222069643D2253686170652D5F39223E0D0A20202020202020203C6F6D6764633A426F756E6473206865696768743D2235352E30222077696474683D2238352E302220783D223434352E302220793D2238302E30222F3E0D0A20202020202020203C62706D6E64693A42504D4E4C6162656C3E0D0A202020202020202020203C6F6D6764633A426F756E6473206865696768743D2235352E30222077696474683D2238352E302220783D22302E302220793D22302E30222F3E0D0A20202020202020203C2F62706D6E64693A42504D4E4C6162656C3E0D0A2020202020203C2F62706D6E64693A42504D4E53686170653E0D0A2020202020203C62706D6E64693A42504D4E456467652062706D6E456C656D656E743D225F36222069643D2242504D4E456467655F5F362220736F75726365456C656D656E743D225F322220746172676574456C656D656E743D225F33223E0D0A20202020202020203C6F6D6764693A776179706F696E7420783D2239372E302220793D2239362E30222F3E0D0A20202020202020203C6F6D6764693A776179706F696E7420783D223137302E302220793D223134322E35222F3E0D0A20202020202020203C62706D6E64693A42504D4E4C6162656C3E0D0A202020202020202020203C6F6D6764633A426F756E6473206865696768743D22302E30222077696474683D22302E302220783D22302E302220793D22302E30222F3E0D0A20202020202020203C2F62706D6E64693A42504D4E4C6162656C3E0D0A2020202020203C2F62706D6E64693A42504D4E456467653E0D0A2020202020203C62706D6E64693A42504D4E456467652062706D6E456C656D656E743D225F37222069643D2242504D4E456467655F5F372220736F75726365456C656D656E743D225F332220746172676574456C656D656E743D225F34223E0D0A20202020202020203C6F6D6764693A776179706F696E7420783D223235352E302220793D223134322E35222F3E0D0A20202020202020203C6F6D6764693A776179706F696E7420783D223331302E302220793D223138322E35222F3E0D0A20202020202020203C62706D6E64693A42504D4E4C6162656C3E0D0A202020202020202020203C6F6D6764633A426F756E6473206865696768743D22302E30222077696474683D22302E302220783D22302E302220793D22302E30222F3E0D0A20202020202020203C2F62706D6E64693A42504D4E4C6162656C3E0D0A2020202020203C2F62706D6E64693A42504D4E456467653E0D0A2020202020203C62706D6E64693A42504D4E456467652062706D6E456C656D656E743D225F3131222069643D2242504D4E456467655F5F31312220736F75726365456C656D656E743D225F392220746172676574456C656D656E743D225F35223E0D0A20202020202020203C6F6D6764693A776179706F696E7420783D223531372E352220793D223133352E30222F3E0D0A20202020202020203C6F6D6764693A776179706F696E7420783D223531372E352220793D223232302E3338373530353030343030343033222F3E0D0A20202020202020203C62706D6E64693A42504D4E4C6162656C3E0D0A202020202020202020203C6F6D6764633A426F756E6473206865696768743D22302E30222077696474683D22302E302220783D22302E302220793D22302E30222F3E0D0A20202020202020203C2F62706D6E64693A42504D4E4C6162656C3E0D0A2020202020203C2F62706D6E64693A42504D4E456467653E0D0A2020202020203C62706D6E64693A42504D4E456467652062706D6E456C656D656E743D225F3130222069643D2242504D4E456467655F5F31302220736F75726365456C656D656E743D225F342220746172676574456C656D656E743D225F39223E0D0A20202020202020203C6F6D6764693A776179706F696E7420783D223339352E302220793D223138322E35222F3E0D0A20202020202020203C6F6D6764693A776179706F696E7420783D223434352E302220793D223130372E35222F3E0D0A20202020202020203C62706D6E64693A42504D4E4C6162656C3E0D0A202020202020202020203C6F6D6764633A426F756E6473206865696768743D22302E30222077696474683D22302E302220783D22302E302220793D22302E30222F3E0D0A20202020202020203C2F62706D6E64693A42504D4E4C6162656C3E0D0A2020202020203C2F62706D6E64693A42504D4E456467653E0D0A202020203C2F62706D6E64693A42504D4E506C616E653E0D0A20203C2F62706D6E64693A42504D4E4469616772616D3E0D0A3C2F646566696E6974696F6E733E0D0A, '0');

-- ----------------------------
-- Table structure for act_ge_property
-- ----------------------------
DROP TABLE IF EXISTS `act_ge_property`;
CREATE TABLE `act_ge_property` (
  `NAME_` varchar(64) COLLATE utf8_bin NOT NULL,
  `VALUE_` varchar(300) COLLATE utf8_bin DEFAULT NULL,
  `REV_` int(11) DEFAULT NULL,
  PRIMARY KEY (`NAME_`)
) ENGINE=InnoDB DEFAULT CHARSET=utf8 COLLATE=utf8_bin;

-- ----------------------------
-- Records of act_ge_property
-- ----------------------------
INSERT INTO `act_ge_property` VALUES ('cfg.execution-related-entities-count', 'false', '1');
INSERT INTO `act_ge_property` VALUES ('next.dbid', '1', '1');
INSERT INTO `act_ge_property` VALUES ('schema.history', 'create(7.0.0.0)', '1');
INSERT INTO `act_ge_property` VALUES ('schema.version', '7.0.0.0', '1');

-- ----------------------------
-- Table structure for act_hi_actinst
-- ----------------------------
DROP TABLE IF EXISTS `act_hi_actinst`;
CREATE TABLE `act_hi_actinst` (
  `ID_` varchar(64) COLLATE utf8_bin NOT NULL,
  `PROC_DEF_ID_` varchar(64) COLLATE utf8_bin NOT NULL,
  `PROC_INST_ID_` varchar(64) COLLATE utf8_bin NOT NULL,
  `EXECUTION_ID_` varchar(64) COLLATE utf8_bin NOT NULL,
  `ACT_ID_` varchar(255) COLLATE utf8_bin NOT NULL,
  `TASK_ID_` varchar(64) COLLATE utf8_bin DEFAULT NULL,
  `CALL_PROC_INST_ID_` varchar(64) COLLATE utf8_bin DEFAULT NULL,
  `ACT_NAME_` varchar(255) COLLATE utf8_bin DEFAULT NULL,
  `ACT_TYPE_` varchar(255) COLLATE utf8_bin NOT NULL,
  `ASSIGNEE_` varchar(255) COLLATE utf8_bin DEFAULT NULL,
  `START_TIME_` datetime(3) NOT NULL,
  `END_TIME_` datetime(3) DEFAULT NULL,
  `DURATION_` bigint(20) DEFAULT NULL,
  `DELETE_REASON_` varchar(4000) COLLATE utf8_bin DEFAULT NULL,
  `TENANT_ID_` varchar(255) COLLATE utf8_bin DEFAULT '',
  PRIMARY KEY (`ID_`),
  KEY `ACT_IDX_HI_ACT_INST_START` (`START_TIME_`),
  KEY `ACT_IDX_HI_ACT_INST_END` (`END_TIME_`),
  KEY `ACT_IDX_HI_ACT_INST_PROCINST` (`PROC_INST_ID_`,`ACT_ID_`),
  KEY `ACT_IDX_HI_ACT_INST_EXEC` (`EXECUTION_ID_`,`ACT_ID_`)
) ENGINE=InnoDB DEFAULT CHARSET=utf8 COLLATE=utf8_bin;

-- ----------------------------
-- Records of act_hi_actinst
-- ----------------------------
INSERT INTO `act_hi_actinst` VALUES ('02f827dd-6518-11eb-8f7d-5afb84297c14', 'process3:1:49fd080a-6515-11eb-8f7d-5afb84297c14', '7878e73d-6515-11eb-8f7d-5afb84297c14', '7879837f-6515-11eb-8f7d-5afb84297c14', '_5', null, null, 'EndEvent', 'endEvent', null, '2021-02-02 05:32:16.837', '2021-02-02 05:32:16.837', '0', null, '');
INSERT INTO `act_hi_actinst` VALUES ('0d285410-6514-11eb-b26a-5afb84297c14', 'process2:2:6d5457cd-6513-11eb-b26a-5afb84297c14', '0d2769ad-6514-11eb-b26a-5afb84297c14', '0d2805ef-6514-11eb-b26a-5afb84297c14', '_2', null, null, 'StartEvent', 'startEvent', null, '2021-02-02 05:03:55.943', '2021-02-02 05:03:55.943', '0', null, '');
INSERT INTO `act_hi_actinst` VALUES ('0d285411-6514-11eb-b26a-5afb84297c14', 'process2:2:6d5457cd-6513-11eb-b26a-5afb84297c14', '0d2769ad-6514-11eb-b26a-5afb84297c14', '0d2805ef-6514-11eb-b26a-5afb84297c14', '_3', '0d285412-6514-11eb-b26a-5afb84297c14', null, '请假2', 'userTask', 'user01', '2021-02-02 05:03:55.943', '2021-02-02 05:06:23.287', '147344', null, '');
INSERT INTO `act_hi_actinst` VALUES ('1d85eb75-6510-11eb-884d-5afb84297c14', 'process2:1:1f356b22-64fd-11eb-a721-5afb84297c14', 'cf523c5e-650f-11eb-884d-5afb84297c14', 'cf528a80-650f-11eb-884d-5afb84297c14', '_4', '1d85eb76-6510-11eb-884d-5afb84297c14', null, '审批', 'userTask', 'leader', '2021-02-02 04:35:45.413', '2021-02-02 04:49:12.968', '807555', null, '');
INSERT INTO `act_hi_actinst` VALUES ('57dd074a-650f-11eb-884d-5afb84297c14', 'process1:1:26f130f6-64f8-11eb-9c9d-5afb84297c14', '63be8810-64f8-11eb-905a-5afb84297c14', '63befd42-64f8-11eb-905a-5afb84297c14', '_4', '57e0b0cb-650f-11eb-884d-5afb84297c14', null, '审批', 'userTask', 'leader', '2021-02-02 04:30:13.795', '2021-02-02 04:32:47.854', '154059', null, '');
INSERT INTO `act_hi_actinst` VALUES ('636e8ef5-64ff-11eb-9504-5afb84297c14', 'process1:2:1f356b23-64fd-11eb-a721-5afb84297c14', '636dcba2-64ff-11eb-9504-5afb84297c14', '636e40d4-64ff-11eb-9504-5afb84297c14', '_2', null, null, 'StartEvent', 'startEvent', null, '2021-02-02 02:36:01.256', '2021-02-02 02:36:01.260', '4', null, '');
INSERT INTO `act_hi_actinst` VALUES ('636fa066-64ff-11eb-9504-5afb84297c14', 'process1:2:1f356b23-64fd-11eb-a721-5afb84297c14', '636dcba2-64ff-11eb-9504-5afb84297c14', '636e40d4-64ff-11eb-9504-5afb84297c14', '_3', '63728697-64ff-11eb-9504-5afb84297c14', null, '请假', 'userTask', 'salaboy', '2021-02-02 02:36:01.263', '2021-02-02 03:14:40.497', '2319234', null, '');
INSERT INTO `act_hi_actinst` VALUES ('63bf2453-64f8-11eb-905a-5afb84297c14', 'process1:1:26f130f6-64f8-11eb-9c9d-5afb84297c14', '63be8810-64f8-11eb-905a-5afb84297c14', '63befd42-64f8-11eb-905a-5afb84297c14', '_2', null, null, 'StartEvent', 'startEvent', null, '2021-02-02 01:45:55.308', '2021-02-02 01:45:55.310', '2', null, '');
INSERT INTO `act_hi_actinst` VALUES ('63c00eb4-64f8-11eb-905a-5afb84297c14', 'process1:1:26f130f6-64f8-11eb-9c9d-5afb84297c14', '63be8810-64f8-11eb-905a-5afb84297c14', '63befd42-64f8-11eb-905a-5afb84297c14', '_3', '63c23195-64f8-11eb-905a-5afb84297c14', null, '请假', 'userTask', 'salaboy', '2021-02-02 01:45:55.313', '2021-02-02 04:30:13.794', '9858481', null, '');
INSERT INTO `act_hi_actinst` VALUES ('64fb3d14-6514-11eb-b26a-5afb84297c14', 'process2:2:6d5457cd-6513-11eb-b26a-5afb84297c14', '0d2769ad-6514-11eb-b26a-5afb84297c14', '0d2805ef-6514-11eb-b26a-5afb84297c14', '_4', '64fb6425-6514-11eb-b26a-5afb84297c14', null, '审批2', 'userTask', 'leader', '2021-02-02 05:06:23.287', '2021-02-02 05:07:03.758', '40471', null, '');
INSERT INTO `act_hi_actinst` VALUES ('7879f8b0-6515-11eb-8f7d-5afb84297c14', 'process3:1:49fd080a-6515-11eb-8f7d-5afb84297c14', '7878e73d-6515-11eb-8f7d-5afb84297c14', '7879837f-6515-11eb-8f7d-5afb84297c14', '_2', null, null, 'StartEvent', 'startEvent', null, '2021-02-02 05:14:05.492', '2021-02-02 05:14:05.496', '4', null, '');
INSERT INTO `act_hi_actinst` VALUES ('787b7f51-6515-11eb-8f7d-5afb84297c14', 'process3:1:49fd080a-6515-11eb-8f7d-5afb84297c14', '7878e73d-6515-11eb-8f7d-5afb84297c14', '7879837f-6515-11eb-8f7d-5afb84297c14', '_3', '787e6582-6515-11eb-8f7d-5afb84297c14', null, '流程3任务1', 'userTask', 'user12', '2021-02-02 05:14:05.501', '2021-02-02 05:31:47.661', '1062160', null, '');
INSERT INTO `act_hi_actinst` VALUES ('7d1a9f89-6514-11eb-b26a-5afb84297c14', 'process2:2:6d5457cd-6513-11eb-b26a-5afb84297c14', '0d2769ad-6514-11eb-b26a-5afb84297c14', '0d2805ef-6514-11eb-b26a-5afb84297c14', '_9', '7d1ac69a-6514-11eb-b26a-5afb84297c14', null, '最后审批2', 'userTask', 'leader11', '2021-02-02 05:07:03.758', '2021-02-02 05:09:07.268', '123510', null, '');
INSERT INTO `act_hi_actinst` VALUES ('b3b090fd-650f-11eb-884d-5afb84297c14', 'process1:1:26f130f6-64f8-11eb-9c9d-5afb84297c14', '63be8810-64f8-11eb-905a-5afb84297c14', '63befd42-64f8-11eb-905a-5afb84297c14', '_5', null, null, 'EndEvent', 'endEvent', null, '2021-02-02 04:32:47.854', '2021-02-02 04:32:47.854', '0', null, '');
INSERT INTO `act_hi_actinst` VALUES ('ba03cd42-6512-11eb-89c9-5afb84297c14', 'process2:1:1f356b22-64fd-11eb-a721-5afb84297c14', 'ba02e2df-6512-11eb-89c9-5afb84297c14', 'ba035811-6512-11eb-89c9-5afb84297c14', '_2', null, null, 'StartEvent', 'startEvent', null, '2021-02-02 04:54:26.957', '2021-02-02 04:54:26.957', '0', null, '');
INSERT INTO `act_hi_actinst` VALUES ('ba03f453-6512-11eb-89c9-5afb84297c14', 'process2:1:1f356b22-64fd-11eb-a721-5afb84297c14', 'ba02e2df-6512-11eb-89c9-5afb84297c14', 'ba035811-6512-11eb-89c9-5afb84297c14', '_3', 'ba03f454-6512-11eb-89c9-5afb84297c14', null, '请假', 'userTask', 'user01', '2021-02-02 04:54:26.957', '2021-02-02 05:01:43.237', '436280', null, '');
INSERT INTO `act_hi_actinst` VALUES ('be108681-6513-11eb-b26a-5afb84297c14', 'process2:1:1f356b22-64fd-11eb-a721-5afb84297c14', 'ba02e2df-6512-11eb-89c9-5afb84297c14', 'ba035811-6512-11eb-89c9-5afb84297c14', '_4', 'be147e22-6513-11eb-b26a-5afb84297c14', null, '审批', 'userTask', 'leader', '2021-02-02 05:01:43.247', '2021-02-02 05:02:38.922', '55675', null, '');
INSERT INTO `act_hi_actinst` VALUES ('c6b8c0f0-6514-11eb-b26a-5afb84297c14', 'process2:2:6d5457cd-6513-11eb-b26a-5afb84297c14', '0d2769ad-6514-11eb-b26a-5afb84297c14', '0d2805ef-6514-11eb-b26a-5afb84297c14', '_11', null, null, 'EndEvent', 'endEvent', null, '2021-02-02 05:09:07.268', '2021-02-02 05:09:07.268', '0', null, '');
INSERT INTO `act_hi_actinst` VALUES ('c9cf69ff-6504-11eb-8175-5afb84297c14', 'process1:2:1f356b23-64fd-11eb-a721-5afb84297c14', '636dcba2-64ff-11eb-9504-5afb84297c14', '636e40d4-64ff-11eb-9504-5afb84297c14', '_4', 'c9d1db00-6504-11eb-8175-5afb84297c14', null, '审批', 'userTask', 'leader', '2021-02-02 03:14:40.502', '2021-02-02 04:27:14.640', '4354138', null, '');
INSERT INTO `act_hi_actinst` VALUES ('cf52d8a1-650f-11eb-884d-5afb84297c14', 'process2:1:1f356b22-64fd-11eb-a721-5afb84297c14', 'cf523c5e-650f-11eb-884d-5afb84297c14', 'cf528a80-650f-11eb-884d-5afb84297c14', '_2', null, null, 'StartEvent', 'startEvent', null, '2021-02-02 04:33:34.217', '2021-02-02 04:33:34.217', '0', null, '');
INSERT INTO `act_hi_actinst` VALUES ('cf52ffb2-650f-11eb-884d-5afb84297c14', 'process2:1:1f356b22-64fd-11eb-a721-5afb84297c14', 'cf523c5e-650f-11eb-884d-5afb84297c14', 'cf528a80-650f-11eb-884d-5afb84297c14', '_3', 'cf52ffb3-650f-11eb-884d-5afb84297c14', null, '请假', 'userTask', 'user01', '2021-02-02 04:33:34.217', '2021-02-02 04:35:45.412', '131195', null, '');
INSERT INTO `act_hi_actinst` VALUES ('df3fdb36-6513-11eb-b26a-5afb84297c14', 'process2:1:1f356b22-64fd-11eb-a721-5afb84297c14', 'ba02e2df-6512-11eb-89c9-5afb84297c14', 'ba035811-6512-11eb-89c9-5afb84297c14', '_9', 'df400247-6513-11eb-b26a-5afb84297c14', null, '审批2', 'userTask', 'leader11', '2021-02-02 05:02:38.922', '2021-02-02 05:03:20.482', '41560', null, '');
INSERT INTO `act_hi_actinst` VALUES ('ed155d99-650e-11eb-884d-5afb84297c14', 'process1:2:1f356b23-64fd-11eb-a721-5afb84297c14', '636dcba2-64ff-11eb-9504-5afb84297c14', '636e40d4-64ff-11eb-9504-5afb84297c14', '_5', null, null, 'EndEvent', 'endEvent', null, '2021-02-02 04:27:14.648', '2021-02-02 04:27:14.654', '6', null, '');
INSERT INTO `act_hi_actinst` VALUES ('f1944057-6517-11eb-8f7d-5afb84297c14', 'process3:1:49fd080a-6515-11eb-8f7d-5afb84297c14', '7878e73d-6515-11eb-8f7d-5afb84297c14', '7879837f-6515-11eb-8f7d-5afb84297c14', '_4', 'f1946768-6517-11eb-8f7d-5afb84297c14', null, '流程3任务2', 'userTask', 'leader12', '2021-02-02 05:31:47.661', '2021-02-02 05:32:16.837', '29176', null, '');
INSERT INTO `act_hi_actinst` VALUES ('f35bb6cb-6513-11eb-b26a-5afb84297c14', 'process2:1:1f356b22-64fd-11eb-a721-5afb84297c14', 'cf523c5e-650f-11eb-884d-5afb84297c14', 'cf528a80-650f-11eb-884d-5afb84297c14', '_11', null, null, 'EndEvent', 'endEvent', null, '2021-02-02 05:03:12.659', '2021-02-02 05:03:12.659', '0', null, '');
INSERT INTO `act_hi_actinst` VALUES ('f80568bc-6513-11eb-b26a-5afb84297c14', 'process2:1:1f356b22-64fd-11eb-a721-5afb84297c14', 'ba02e2df-6512-11eb-89c9-5afb84297c14', 'ba035811-6512-11eb-89c9-5afb84297c14', '_11', null, null, 'EndEvent', 'endEvent', null, '2021-02-02 05:03:20.482', '2021-02-02 05:03:20.482', '0', null, '');
INSERT INTO `act_hi_actinst` VALUES ('ff58c8aa-6511-11eb-89c9-5afb84297c14', 'process2:1:1f356b22-64fd-11eb-a721-5afb84297c14', 'cf523c5e-650f-11eb-884d-5afb84297c14', 'cf528a80-650f-11eb-884d-5afb84297c14', '_9', '00caf64b-6512-11eb-89c9-5afb84297c14', null, '审批2', 'userTask', 'leader11', '2021-02-02 04:49:13.780', '2021-02-02 05:03:12.658', '838878', null, '');

-- ----------------------------
-- Table structure for act_hi_attachment
-- ----------------------------
DROP TABLE IF EXISTS `act_hi_attachment`;
CREATE TABLE `act_hi_attachment` (
  `ID_` varchar(64) COLLATE utf8_bin NOT NULL,
  `REV_` int(11) DEFAULT NULL,
  `USER_ID_` varchar(255) COLLATE utf8_bin DEFAULT NULL,
  `NAME_` varchar(255) COLLATE utf8_bin DEFAULT NULL,
  `DESCRIPTION_` varchar(4000) COLLATE utf8_bin DEFAULT NULL,
  `TYPE_` varchar(255) COLLATE utf8_bin DEFAULT NULL,
  `TASK_ID_` varchar(64) COLLATE utf8_bin DEFAULT NULL,
  `PROC_INST_ID_` varchar(64) COLLATE utf8_bin DEFAULT NULL,
  `URL_` varchar(4000) COLLATE utf8_bin DEFAULT NULL,
  `CONTENT_ID_` varchar(64) COLLATE utf8_bin DEFAULT NULL,
  `TIME_` datetime(3) DEFAULT NULL,
  PRIMARY KEY (`ID_`)
) ENGINE=InnoDB DEFAULT CHARSET=utf8 COLLATE=utf8_bin;

-- ----------------------------
-- Records of act_hi_attachment
-- ----------------------------

-- ----------------------------
-- Table structure for act_hi_comment
-- ----------------------------
DROP TABLE IF EXISTS `act_hi_comment`;
CREATE TABLE `act_hi_comment` (
  `ID_` varchar(64) COLLATE utf8_bin NOT NULL,
  `TYPE_` varchar(255) COLLATE utf8_bin DEFAULT NULL,
  `TIME_` datetime(3) NOT NULL,
  `USER_ID_` varchar(255) COLLATE utf8_bin DEFAULT NULL,
  `TASK_ID_` varchar(64) COLLATE utf8_bin DEFAULT NULL,
  `PROC_INST_ID_` varchar(64) COLLATE utf8_bin DEFAULT NULL,
  `ACTION_` varchar(255) COLLATE utf8_bin DEFAULT NULL,
  `MESSAGE_` varchar(4000) COLLATE utf8_bin DEFAULT NULL,
  `FULL_MSG_` longblob,
  PRIMARY KEY (`ID_`)
) ENGINE=InnoDB DEFAULT CHARSET=utf8 COLLATE=utf8_bin;

-- ----------------------------
-- Records of act_hi_comment
-- ----------------------------

-- ----------------------------
-- Table structure for act_hi_detail
-- ----------------------------
DROP TABLE IF EXISTS `act_hi_detail`;
CREATE TABLE `act_hi_detail` (
  `ID_` varchar(64) COLLATE utf8_bin NOT NULL,
  `TYPE_` varchar(255) COLLATE utf8_bin NOT NULL,
  `PROC_INST_ID_` varchar(64) COLLATE utf8_bin DEFAULT NULL,
  `EXECUTION_ID_` varchar(64) COLLATE utf8_bin DEFAULT NULL,
  `TASK_ID_` varchar(64) COLLATE utf8_bin DEFAULT NULL,
  `ACT_INST_ID_` varchar(64) COLLATE utf8_bin DEFAULT NULL,
  `NAME_` varchar(255) COLLATE utf8_bin NOT NULL,
  `VAR_TYPE_` varchar(255) COLLATE utf8_bin DEFAULT NULL,
  `REV_` int(11) DEFAULT NULL,
  `TIME_` datetime(3) NOT NULL,
  `BYTEARRAY_ID_` varchar(64) COLLATE utf8_bin DEFAULT NULL,
  `DOUBLE_` double DEFAULT NULL,
  `LONG_` bigint(20) DEFAULT NULL,
  `TEXT_` varchar(4000) COLLATE utf8_bin DEFAULT NULL,
  `TEXT2_` varchar(4000) COLLATE utf8_bin DEFAULT NULL,
  PRIMARY KEY (`ID_`),
  KEY `ACT_IDX_HI_DETAIL_PROC_INST` (`PROC_INST_ID_`),
  KEY `ACT_IDX_HI_DETAIL_ACT_INST` (`ACT_INST_ID_`),
  KEY `ACT_IDX_HI_DETAIL_TIME` (`TIME_`),
  KEY `ACT_IDX_HI_DETAIL_NAME` (`NAME_`),
  KEY `ACT_IDX_HI_DETAIL_TASK_ID` (`TASK_ID_`)
) ENGINE=InnoDB DEFAULT CHARSET=utf8 COLLATE=utf8_bin;

-- ----------------------------
-- Records of act_hi_detail
-- ----------------------------

-- ----------------------------
-- Table structure for act_hi_identitylink
-- ----------------------------
DROP TABLE IF EXISTS `act_hi_identitylink`;
CREATE TABLE `act_hi_identitylink` (
  `ID_` varchar(64) COLLATE utf8_bin NOT NULL,
  `GROUP_ID_` varchar(255) COLLATE utf8_bin DEFAULT NULL,
  `TYPE_` varchar(255) COLLATE utf8_bin DEFAULT NULL,
  `USER_ID_` varchar(255) COLLATE utf8_bin DEFAULT NULL,
  `TASK_ID_` varchar(64) COLLATE utf8_bin DEFAULT NULL,
  `PROC_INST_ID_` varchar(64) COLLATE utf8_bin DEFAULT NULL,
  PRIMARY KEY (`ID_`),
  KEY `ACT_IDX_HI_IDENT_LNK_USER` (`USER_ID_`),
  KEY `ACT_IDX_HI_IDENT_LNK_TASK` (`TASK_ID_`),
  KEY `ACT_IDX_HI_IDENT_LNK_PROCINST` (`PROC_INST_ID_`)
) ENGINE=InnoDB DEFAULT CHARSET=utf8 COLLATE=utf8_bin;

-- ----------------------------
-- Records of act_hi_identitylink
-- ----------------------------
INSERT INTO `act_hi_identitylink` VALUES ('00cdb56c-6512-11eb-89c9-5afb84297c14', null, 'participant', 'leader11', null, 'cf523c5e-650f-11eb-884d-5afb84297c14');
INSERT INTO `act_hi_identitylink` VALUES ('00e9a1dd-6512-11eb-89c9-5afb84297c14', 'GROUP_activitiTeam4', 'candidate', null, '00caf64b-6512-11eb-89c9-5afb84297c14', null);
INSERT INTO `act_hi_identitylink` VALUES ('00feb07e-6512-11eb-89c9-5afb84297c14', 'GROUP_activitiTeam5', 'candidate', null, '00caf64b-6512-11eb-89c9-5afb84297c14', null);
INSERT INTO `act_hi_identitylink` VALUES ('0d2769ae-6514-11eb-b26a-5afb84297c14', null, 'starter', 'user02', null, '0d2769ad-6514-11eb-b26a-5afb84297c14');
INSERT INTO `act_hi_identitylink` VALUES ('0d285413-6514-11eb-b26a-5afb84297c14', null, 'participant', 'user01', null, '0d2769ad-6514-11eb-b26a-5afb84297c14');
INSERT INTO `act_hi_identitylink` VALUES ('1d85eb77-6510-11eb-884d-5afb84297c14', null, 'participant', 'leader', null, 'cf523c5e-650f-11eb-884d-5afb84297c14');
INSERT INTO `act_hi_identitylink` VALUES ('1d861288-6510-11eb-884d-5afb84297c14', null, 'candidate', 'leader02', '1d85eb76-6510-11eb-884d-5afb84297c14', null);
INSERT INTO `act_hi_identitylink` VALUES ('1d8660a9-6510-11eb-884d-5afb84297c14', null, 'participant', 'leader02', null, 'cf523c5e-650f-11eb-884d-5afb84297c14');
INSERT INTO `act_hi_identitylink` VALUES ('57e0b0cc-650f-11eb-884d-5afb84297c14', null, 'participant', 'leader', null, '63be8810-64f8-11eb-905a-5afb84297c14');
INSERT INTO `act_hi_identitylink` VALUES ('636dcba3-64ff-11eb-9504-5afb84297c14', null, 'starter', 'salaboy', null, '636dcba2-64ff-11eb-9504-5afb84297c14');
INSERT INTO `act_hi_identitylink` VALUES ('63be8811-64f8-11eb-905a-5afb84297c14', null, 'starter', 'salaboy', null, '63be8810-64f8-11eb-905a-5afb84297c14');
INSERT INTO `act_hi_identitylink` VALUES ('64fb6426-6514-11eb-b26a-5afb84297c14', null, 'participant', 'leader', null, '0d2769ad-6514-11eb-b26a-5afb84297c14');
INSERT INTO `act_hi_identitylink` VALUES ('64fb8b37-6514-11eb-b26a-5afb84297c14', null, 'candidate', 'leader02', '64fb6425-6514-11eb-b26a-5afb84297c14', null);
INSERT INTO `act_hi_identitylink` VALUES ('64fb8b38-6514-11eb-b26a-5afb84297c14', null, 'participant', 'leader02', null, '0d2769ad-6514-11eb-b26a-5afb84297c14');
INSERT INTO `act_hi_identitylink` VALUES ('7878e73e-6515-11eb-8f7d-5afb84297c14', null, 'starter', 'salaboy', null, '7878e73d-6515-11eb-8f7d-5afb84297c14');
INSERT INTO `act_hi_identitylink` VALUES ('787eb3a3-6515-11eb-8f7d-5afb84297c14', null, 'candidate', 'user11', '787e6582-6515-11eb-8f7d-5afb84297c14', null);
INSERT INTO `act_hi_identitylink` VALUES ('787edab4-6515-11eb-8f7d-5afb84297c14', null, 'participant', 'user11', null, '7878e73d-6515-11eb-8f7d-5afb84297c14');
INSERT INTO `act_hi_identitylink` VALUES ('787edab5-6515-11eb-8f7d-5afb84297c14', null, 'candidate', 'user12', '787e6582-6515-11eb-8f7d-5afb84297c14', null);
INSERT INTO `act_hi_identitylink` VALUES ('787edab6-6515-11eb-8f7d-5afb84297c14', null, 'participant', 'user12', null, '7878e73d-6515-11eb-8f7d-5afb84297c14');
INSERT INTO `act_hi_identitylink` VALUES ('7d1ac69b-6514-11eb-b26a-5afb84297c14', null, 'participant', 'leader11', null, '0d2769ad-6514-11eb-b26a-5afb84297c14');
INSERT INTO `act_hi_identitylink` VALUES ('7d1aedac-6514-11eb-b26a-5afb84297c14', 'GROUP_activitiTeam4', 'candidate', null, '7d1ac69a-6514-11eb-b26a-5afb84297c14', null);
INSERT INTO `act_hi_identitylink` VALUES ('7d1aedad-6514-11eb-b26a-5afb84297c14', 'GROUP_activitiTeam5', 'candidate', null, '7d1ac69a-6514-11eb-b26a-5afb84297c14', null);
INSERT INTO `act_hi_identitylink` VALUES ('7d1aedae-6514-11eb-b26a-5afb84297c14', null, 'candidate', 'leader12', '7d1ac69a-6514-11eb-b26a-5afb84297c14', null);
INSERT INTO `act_hi_identitylink` VALUES ('7d1aedaf-6514-11eb-b26a-5afb84297c14', null, 'participant', 'leader12', null, '0d2769ad-6514-11eb-b26a-5afb84297c14');
INSERT INTO `act_hi_identitylink` VALUES ('ba02e2e0-6512-11eb-89c9-5afb84297c14', null, 'starter', 'salaboy', null, 'ba02e2df-6512-11eb-89c9-5afb84297c14');
INSERT INTO `act_hi_identitylink` VALUES ('ba03f455-6512-11eb-89c9-5afb84297c14', null, 'participant', 'user01', null, 'ba02e2df-6512-11eb-89c9-5afb84297c14');
INSERT INTO `act_hi_identitylink` VALUES ('be14a533-6513-11eb-b26a-5afb84297c14', null, 'participant', 'leader', null, 'ba02e2df-6512-11eb-89c9-5afb84297c14');
INSERT INTO `act_hi_identitylink` VALUES ('be14f354-6513-11eb-b26a-5afb84297c14', null, 'candidate', 'leader02', 'be147e22-6513-11eb-b26a-5afb84297c14', null);
INSERT INTO `act_hi_identitylink` VALUES ('be151a65-6513-11eb-b26a-5afb84297c14', null, 'participant', 'leader02', null, 'ba02e2df-6512-11eb-89c9-5afb84297c14');
INSERT INTO `act_hi_identitylink` VALUES ('c9d1db01-6504-11eb-8175-5afb84297c14', null, 'participant', 'leader', null, '636dcba2-64ff-11eb-9504-5afb84297c14');
INSERT INTO `act_hi_identitylink` VALUES ('cf523c5f-650f-11eb-884d-5afb84297c14', null, 'starter', 'user11', null, 'cf523c5e-650f-11eb-884d-5afb84297c14');
INSERT INTO `act_hi_identitylink` VALUES ('cf52ffb4-650f-11eb-884d-5afb84297c14', null, 'participant', 'user01', null, 'cf523c5e-650f-11eb-884d-5afb84297c14');
INSERT INTO `act_hi_identitylink` VALUES ('df400248-6513-11eb-b26a-5afb84297c14', null, 'participant', 'leader11', null, 'ba02e2df-6512-11eb-89c9-5afb84297c14');
INSERT INTO `act_hi_identitylink` VALUES ('df402959-6513-11eb-b26a-5afb84297c14', 'GROUP_activitiTeam4', 'candidate', null, 'df400247-6513-11eb-b26a-5afb84297c14', null);
INSERT INTO `act_hi_identitylink` VALUES ('df40506a-6513-11eb-b26a-5afb84297c14', 'GROUP_activitiTeam5', 'candidate', null, 'df400247-6513-11eb-b26a-5afb84297c14', null);
INSERT INTO `act_hi_identitylink` VALUES ('f1948e79-6517-11eb-8f7d-5afb84297c14', null, 'candidate', 'leader11', 'f1946768-6517-11eb-8f7d-5afb84297c14', null);
INSERT INTO `act_hi_identitylink` VALUES ('f1948e7a-6517-11eb-8f7d-5afb84297c14', null, 'participant', 'leader11', null, '7878e73d-6515-11eb-8f7d-5afb84297c14');
INSERT INTO `act_hi_identitylink` VALUES ('f1948e7b-6517-11eb-8f7d-5afb84297c14', null, 'candidate', 'leader12', 'f1946768-6517-11eb-8f7d-5afb84297c14', null);
INSERT INTO `act_hi_identitylink` VALUES ('f1948e7c-6517-11eb-8f7d-5afb84297c14', null, 'participant', 'leader12', null, '7878e73d-6515-11eb-8f7d-5afb84297c14');

-- ----------------------------
-- Table structure for act_hi_procinst
-- ----------------------------
DROP TABLE IF EXISTS `act_hi_procinst`;
CREATE TABLE `act_hi_procinst` (
  `ID_` varchar(64) COLLATE utf8_bin NOT NULL,
  `PROC_INST_ID_` varchar(64) COLLATE utf8_bin NOT NULL,
  `BUSINESS_KEY_` varchar(255) COLLATE utf8_bin DEFAULT NULL,
  `PROC_DEF_ID_` varchar(64) COLLATE utf8_bin NOT NULL,
  `START_TIME_` datetime(3) NOT NULL,
  `END_TIME_` datetime(3) DEFAULT NULL,
  `DURATION_` bigint(20) DEFAULT NULL,
  `START_USER_ID_` varchar(255) COLLATE utf8_bin DEFAULT NULL,
  `START_ACT_ID_` varchar(255) COLLATE utf8_bin DEFAULT NULL,
  `END_ACT_ID_` varchar(255) COLLATE utf8_bin DEFAULT NULL,
  `SUPER_PROCESS_INSTANCE_ID_` varchar(64) COLLATE utf8_bin DEFAULT NULL,
  `DELETE_REASON_` varchar(4000) COLLATE utf8_bin DEFAULT NULL,
  `TENANT_ID_` varchar(255) COLLATE utf8_bin DEFAULT '',
  `NAME_` varchar(255) COLLATE utf8_bin DEFAULT NULL,
  PRIMARY KEY (`ID_`),
  UNIQUE KEY `PROC_INST_ID_` (`PROC_INST_ID_`),
  KEY `ACT_IDX_HI_PRO_INST_END` (`END_TIME_`),
  KEY `ACT_IDX_HI_PRO_I_BUSKEY` (`BUSINESS_KEY_`)
) ENGINE=InnoDB DEFAULT CHARSET=utf8 COLLATE=utf8_bin;

-- ----------------------------
-- Records of act_hi_procinst
-- ----------------------------
INSERT INTO `act_hi_procinst` VALUES ('0d2769ad-6514-11eb-b26a-5afb84297c14', '0d2769ad-6514-11eb-b26a-5afb84297c14', null, 'process2:2:6d5457cd-6513-11eb-b26a-5afb84297c14', '2021-02-02 05:03:55.937', '2021-02-02 05:09:07.279', '311342', 'user02', '_2', '_11', null, null, '', null);
INSERT INTO `act_hi_procinst` VALUES ('636dcba2-64ff-11eb-9504-5afb84297c14', '636dcba2-64ff-11eb-9504-5afb84297c14', null, 'process1:2:1f356b23-64fd-11eb-a721-5afb84297c14', '2021-02-02 02:36:01.251', '2021-02-02 04:27:14.688', '6673437', 'salaboy', '_2', '_5', null, null, '', null);
INSERT INTO `act_hi_procinst` VALUES ('63be8810-64f8-11eb-905a-5afb84297c14', '63be8810-64f8-11eb-905a-5afb84297c14', null, 'process1:1:26f130f6-64f8-11eb-9c9d-5afb84297c14', '2021-02-02 01:45:55.303', '2021-02-02 04:32:47.871', '10012568', 'salaboy', '_2', '_5', null, null, '', null);
INSERT INTO `act_hi_procinst` VALUES ('7878e73d-6515-11eb-8f7d-5afb84297c14', '7878e73d-6515-11eb-8f7d-5afb84297c14', null, 'process3:1:49fd080a-6515-11eb-8f7d-5afb84297c14', '2021-02-02 05:14:05.483', '2021-02-02 05:32:16.869', '1091386', 'salaboy', '_2', '_5', null, null, '', null);
INSERT INTO `act_hi_procinst` VALUES ('ba02e2df-6512-11eb-89c9-5afb84297c14', 'ba02e2df-6512-11eb-89c9-5afb84297c14', null, 'process2:1:1f356b22-64fd-11eb-a721-5afb84297c14', '2021-02-02 04:54:26.950', '2021-02-02 05:03:20.497', '533547', 'salaboy', '_2', '_11', null, null, '', null);
INSERT INTO `act_hi_procinst` VALUES ('cf523c5e-650f-11eb-884d-5afb84297c14', 'cf523c5e-650f-11eb-884d-5afb84297c14', null, 'process2:1:1f356b22-64fd-11eb-a721-5afb84297c14', '2021-02-02 04:33:34.211', '2021-02-02 05:03:12.690', '1778479', 'user11', '_2', '_11', null, null, '', null);

-- ----------------------------
-- Table structure for act_hi_taskinst
-- ----------------------------
DROP TABLE IF EXISTS `act_hi_taskinst`;
CREATE TABLE `act_hi_taskinst` (
  `ID_` varchar(64) COLLATE utf8_bin NOT NULL,
  `PROC_DEF_ID_` varchar(64) COLLATE utf8_bin DEFAULT NULL,
  `TASK_DEF_KEY_` varchar(255) COLLATE utf8_bin DEFAULT NULL,
  `PROC_INST_ID_` varchar(64) COLLATE utf8_bin DEFAULT NULL,
  `EXECUTION_ID_` varchar(64) COLLATE utf8_bin DEFAULT NULL,
  `NAME_` varchar(255) COLLATE utf8_bin DEFAULT NULL,
  `PARENT_TASK_ID_` varchar(64) COLLATE utf8_bin DEFAULT NULL,
  `DESCRIPTION_` varchar(4000) COLLATE utf8_bin DEFAULT NULL,
  `OWNER_` varchar(255) COLLATE utf8_bin DEFAULT NULL,
  `ASSIGNEE_` varchar(255) COLLATE utf8_bin DEFAULT NULL,
  `START_TIME_` datetime(3) NOT NULL,
  `CLAIM_TIME_` datetime(3) DEFAULT NULL,
  `END_TIME_` datetime(3) DEFAULT NULL,
  `DURATION_` bigint(20) DEFAULT NULL,
  `DELETE_REASON_` varchar(4000) COLLATE utf8_bin DEFAULT NULL,
  `PRIORITY_` int(11) DEFAULT NULL,
  `DUE_DATE_` datetime(3) DEFAULT NULL,
  `FORM_KEY_` varchar(255) COLLATE utf8_bin DEFAULT NULL,
  `CATEGORY_` varchar(255) COLLATE utf8_bin DEFAULT NULL,
  `TENANT_ID_` varchar(255) COLLATE utf8_bin DEFAULT '',
  PRIMARY KEY (`ID_`),
  KEY `ACT_IDX_HI_TASK_INST_PROCINST` (`PROC_INST_ID_`)
) ENGINE=InnoDB DEFAULT CHARSET=utf8 COLLATE=utf8_bin;

-- ----------------------------
-- Records of act_hi_taskinst
-- ----------------------------
INSERT INTO `act_hi_taskinst` VALUES ('00caf64b-6512-11eb-89c9-5afb84297c14', 'process2:1:1f356b22-64fd-11eb-a721-5afb84297c14', '_9', 'cf523c5e-650f-11eb-884d-5afb84297c14', 'cf528a80-650f-11eb-884d-5afb84297c14', '审批2', null, null, null, 'leader11', '2021-02-02 04:49:16.210', null, '2021-02-02 05:03:12.649', '836439', null, '50', null, null, null, '');
INSERT INTO `act_hi_taskinst` VALUES ('0d285412-6514-11eb-b26a-5afb84297c14', 'process2:2:6d5457cd-6513-11eb-b26a-5afb84297c14', '_3', '0d2769ad-6514-11eb-b26a-5afb84297c14', '0d2805ef-6514-11eb-b26a-5afb84297c14', '请假2', null, null, null, 'user01', '2021-02-02 05:03:55.943', null, '2021-02-02 05:06:23.283', '147340', null, '50', null, null, null, '');
INSERT INTO `act_hi_taskinst` VALUES ('1d85eb76-6510-11eb-884d-5afb84297c14', 'process2:1:1f356b22-64fd-11eb-a721-5afb84297c14', '_4', 'cf523c5e-650f-11eb-884d-5afb84297c14', 'cf528a80-650f-11eb-884d-5afb84297c14', '审批', null, null, null, 'leader', '2021-02-02 04:35:45.413', null, '2021-02-02 04:49:12.199', '806786', null, '50', null, null, null, '');
INSERT INTO `act_hi_taskinst` VALUES ('57e0b0cb-650f-11eb-884d-5afb84297c14', 'process1:1:26f130f6-64f8-11eb-9c9d-5afb84297c14', '_4', '63be8810-64f8-11eb-905a-5afb84297c14', '63befd42-64f8-11eb-905a-5afb84297c14', '审批', null, null, null, 'leader', '2021-02-02 04:30:13.819', null, '2021-02-02 04:32:47.850', '154031', null, '50', null, null, null, '');
INSERT INTO `act_hi_taskinst` VALUES ('63728697-64ff-11eb-9504-5afb84297c14', 'process1:2:1f356b23-64fd-11eb-a721-5afb84297c14', '_3', '636dcba2-64ff-11eb-9504-5afb84297c14', '636e40d4-64ff-11eb-9504-5afb84297c14', '请假', null, null, null, 'salaboy', '2021-02-02 02:36:01.282', null, '2021-02-02 03:14:40.490', '2319208', null, '50', null, null, null, '');
INSERT INTO `act_hi_taskinst` VALUES ('63c23195-64f8-11eb-905a-5afb84297c14', 'process1:1:26f130f6-64f8-11eb-9c9d-5afb84297c14', '_3', '63be8810-64f8-11eb-905a-5afb84297c14', '63befd42-64f8-11eb-905a-5afb84297c14', '请假', null, null, null, 'salaboy', '2021-02-02 01:45:55.327', null, '2021-02-02 04:30:13.788', '9858461', null, '50', null, null, null, '');
INSERT INTO `act_hi_taskinst` VALUES ('64fb6425-6514-11eb-b26a-5afb84297c14', 'process2:2:6d5457cd-6513-11eb-b26a-5afb84297c14', '_4', '0d2769ad-6514-11eb-b26a-5afb84297c14', '0d2805ef-6514-11eb-b26a-5afb84297c14', '审批2', null, null, null, 'leader', '2021-02-02 05:06:23.288', null, '2021-02-02 05:07:03.749', '40461', null, '50', null, null, null, '');
INSERT INTO `act_hi_taskinst` VALUES ('787e6582-6515-11eb-8f7d-5afb84297c14', 'process3:1:49fd080a-6515-11eb-8f7d-5afb84297c14', '_3', '7878e73d-6515-11eb-8f7d-5afb84297c14', '7879837f-6515-11eb-8f7d-5afb84297c14', '流程3任务1', null, null, null, 'user12', '2021-02-02 05:14:05.520', '2021-02-02 05:31:47.557', '2021-02-02 05:31:47.655', '1062135', null, '50', null, null, null, '');
INSERT INTO `act_hi_taskinst` VALUES ('7d1ac69a-6514-11eb-b26a-5afb84297c14', 'process2:2:6d5457cd-6513-11eb-b26a-5afb84297c14', '_9', '0d2769ad-6514-11eb-b26a-5afb84297c14', '0d2805ef-6514-11eb-b26a-5afb84297c14', '最后审批2', null, null, null, 'leader11', '2021-02-02 05:07:03.759', null, '2021-02-02 05:09:07.263', '123504', null, '50', null, null, null, '');
INSERT INTO `act_hi_taskinst` VALUES ('ba03f454-6512-11eb-89c9-5afb84297c14', 'process2:1:1f356b22-64fd-11eb-a721-5afb84297c14', '_3', 'ba02e2df-6512-11eb-89c9-5afb84297c14', 'ba035811-6512-11eb-89c9-5afb84297c14', '请假', null, null, null, 'user01', '2021-02-02 04:54:26.957', null, '2021-02-02 05:01:43.226', '436269', null, '50', null, null, null, '');
INSERT INTO `act_hi_taskinst` VALUES ('be147e22-6513-11eb-b26a-5afb84297c14', 'process2:1:1f356b22-64fd-11eb-a721-5afb84297c14', '_4', 'ba02e2df-6512-11eb-89c9-5afb84297c14', 'ba035811-6512-11eb-89c9-5afb84297c14', '审批', null, null, null, 'leader', '2021-02-02 05:01:43.273', null, '2021-02-02 05:02:38.917', '55644', null, '50', null, null, null, '');
INSERT INTO `act_hi_taskinst` VALUES ('c9d1db00-6504-11eb-8175-5afb84297c14', 'process1:2:1f356b23-64fd-11eb-a721-5afb84297c14', '_4', '636dcba2-64ff-11eb-9504-5afb84297c14', '636e40d4-64ff-11eb-9504-5afb84297c14', '审批', null, null, null, 'leader', '2021-02-02 03:14:40.518', null, '2021-02-02 04:27:14.628', '4354110', null, '50', null, null, null, '');
INSERT INTO `act_hi_taskinst` VALUES ('cf52ffb3-650f-11eb-884d-5afb84297c14', 'process2:1:1f356b22-64fd-11eb-a721-5afb84297c14', '_3', 'cf523c5e-650f-11eb-884d-5afb84297c14', 'cf528a80-650f-11eb-884d-5afb84297c14', '请假', null, null, null, 'user01', '2021-02-02 04:33:34.217', null, '2021-02-02 04:35:45.408', '131191', null, '50', null, null, null, '');
INSERT INTO `act_hi_taskinst` VALUES ('df400247-6513-11eb-b26a-5afb84297c14', 'process2:1:1f356b22-64fd-11eb-a721-5afb84297c14', '_9', 'ba02e2df-6512-11eb-89c9-5afb84297c14', 'ba035811-6512-11eb-89c9-5afb84297c14', '审批2', null, null, null, 'leader11', '2021-02-02 05:02:38.923', null, '2021-02-02 05:03:20.477', '41554', null, '50', null, null, null, '');
INSERT INTO `act_hi_taskinst` VALUES ('f1946768-6517-11eb-8f7d-5afb84297c14', 'process3:1:49fd080a-6515-11eb-8f7d-5afb84297c14', '_4', '7878e73d-6515-11eb-8f7d-5afb84297c14', '7879837f-6515-11eb-8f7d-5afb84297c14', '流程3任务2', null, null, null, 'leader12', '2021-02-02 05:31:47.662', '2021-02-02 05:32:16.779', '2021-02-02 05:32:16.833', '29171', null, '50', null, null, null, '');

-- ----------------------------
-- Table structure for act_hi_varinst
-- ----------------------------
DROP TABLE IF EXISTS `act_hi_varinst`;
CREATE TABLE `act_hi_varinst` (
  `ID_` varchar(64) COLLATE utf8_bin NOT NULL,
  `PROC_INST_ID_` varchar(64) COLLATE utf8_bin DEFAULT NULL,
  `EXECUTION_ID_` varchar(64) COLLATE utf8_bin DEFAULT NULL,
  `TASK_ID_` varchar(64) COLLATE utf8_bin DEFAULT NULL,
  `NAME_` varchar(255) COLLATE utf8_bin NOT NULL,
  `VAR_TYPE_` varchar(100) COLLATE utf8_bin DEFAULT NULL,
  `REV_` int(11) DEFAULT NULL,
  `BYTEARRAY_ID_` varchar(64) COLLATE utf8_bin DEFAULT NULL,
  `DOUBLE_` double DEFAULT NULL,
  `LONG_` bigint(20) DEFAULT NULL,
  `TEXT_` varchar(4000) COLLATE utf8_bin DEFAULT NULL,
  `TEXT2_` varchar(4000) COLLATE utf8_bin DEFAULT NULL,
  `CREATE_TIME_` datetime(3) DEFAULT NULL,
  `LAST_UPDATED_TIME_` datetime(3) DEFAULT NULL,
  PRIMARY KEY (`ID_`),
  KEY `ACT_IDX_HI_PROCVAR_PROC_INST` (`PROC_INST_ID_`),
  KEY `ACT_IDX_HI_PROCVAR_NAME_TYPE` (`NAME_`,`VAR_TYPE_`),
  KEY `ACT_IDX_HI_PROCVAR_TASK_ID` (`TASK_ID_`)
) ENGINE=InnoDB DEFAULT CHARSET=utf8 COLLATE=utf8_bin;

-- ----------------------------
-- Records of act_hi_varinst
-- ----------------------------

-- ----------------------------
-- Table structure for act_procdef_info
-- ----------------------------
DROP TABLE IF EXISTS `act_procdef_info`;
CREATE TABLE `act_procdef_info` (
  `ID_` varchar(64) COLLATE utf8_bin NOT NULL,
  `PROC_DEF_ID_` varchar(64) COLLATE utf8_bin NOT NULL,
  `REV_` int(11) DEFAULT NULL,
  `INFO_JSON_ID_` varchar(64) COLLATE utf8_bin DEFAULT NULL,
  PRIMARY KEY (`ID_`),
  UNIQUE KEY `ACT_UNIQ_INFO_PROCDEF` (`PROC_DEF_ID_`),
  KEY `ACT_IDX_INFO_PROCDEF` (`PROC_DEF_ID_`),
  KEY `ACT_FK_INFO_JSON_BA` (`INFO_JSON_ID_`),
  CONSTRAINT `ACT_FK_INFO_JSON_BA` FOREIGN KEY (`INFO_JSON_ID_`) REFERENCES `act_ge_bytearray` (`id_`),
  CONSTRAINT `ACT_FK_INFO_PROCDEF` FOREIGN KEY (`PROC_DEF_ID_`) REFERENCES `act_re_procdef` (`id_`)
) ENGINE=InnoDB DEFAULT CHARSET=utf8 COLLATE=utf8_bin;

-- ----------------------------
-- Records of act_procdef_info
-- ----------------------------

-- ----------------------------
-- Table structure for act_re_deployment
-- ----------------------------
DROP TABLE IF EXISTS `act_re_deployment`;
CREATE TABLE `act_re_deployment` (
  `ID_` varchar(64) COLLATE utf8_bin NOT NULL,
  `NAME_` varchar(255) COLLATE utf8_bin DEFAULT NULL,
  `CATEGORY_` varchar(255) COLLATE utf8_bin DEFAULT NULL,
  `KEY_` varchar(255) COLLATE utf8_bin DEFAULT NULL,
  `TENANT_ID_` varchar(255) COLLATE utf8_bin DEFAULT '',
  `DEPLOY_TIME_` timestamp(3) NULL DEFAULT NULL,
  `ENGINE_VERSION_` varchar(255) COLLATE utf8_bin DEFAULT NULL,
  PRIMARY KEY (`ID_`)
) ENGINE=InnoDB DEFAULT CHARSET=utf8 COLLATE=utf8_bin;

-- ----------------------------
-- Records of act_re_deployment
-- ----------------------------
INSERT INTO `act_re_deployment` VALUES ('1f16bf8f-64fd-11eb-a721-5afb84297c14', 'SpringAutoDeployment', null, null, '', '2021-02-02 02:19:47.597', null);
INSERT INTO `act_re_deployment` VALUES ('26d8c6f4-64f8-11eb-9c9d-5afb84297c14', 'SpringAutoDeployment', null, null, '', '2021-02-02 01:44:13.128', null);
INSERT INTO `act_re_deployment` VALUES ('49cea504-6515-11eb-8f7d-5afb84297c14', 'SpringAutoDeployment', null, null, '', '2021-02-02 05:12:47.182', null);
INSERT INTO `act_re_deployment` VALUES ('6d2cd29a-6513-11eb-b26a-5afb84297c14', 'SpringAutoDeployment', null, null, '', '2021-02-02 04:59:27.529', null);
INSERT INTO `act_re_deployment` VALUES ('af082c0e-64f7-11eb-ac6b-5afb84297c14', 'SpringAutoDeployment', null, null, '', '2021-02-02 01:40:52.115', null);

-- ----------------------------
-- Table structure for act_re_model
-- ----------------------------
DROP TABLE IF EXISTS `act_re_model`;
CREATE TABLE `act_re_model` (
  `ID_` varchar(64) COLLATE utf8_bin NOT NULL,
  `REV_` int(11) DEFAULT NULL,
  `NAME_` varchar(255) COLLATE utf8_bin DEFAULT NULL,
  `KEY_` varchar(255) COLLATE utf8_bin DEFAULT NULL,
  `CATEGORY_` varchar(255) COLLATE utf8_bin DEFAULT NULL,
  `CREATE_TIME_` timestamp(3) NULL DEFAULT NULL,
  `LAST_UPDATE_TIME_` timestamp(3) NULL DEFAULT NULL,
  `VERSION_` int(11) DEFAULT NULL,
  `META_INFO_` varchar(4000) COLLATE utf8_bin DEFAULT NULL,
  `DEPLOYMENT_ID_` varchar(64) COLLATE utf8_bin DEFAULT NULL,
  `EDITOR_SOURCE_VALUE_ID_` varchar(64) COLLATE utf8_bin DEFAULT NULL,
  `EDITOR_SOURCE_EXTRA_VALUE_ID_` varchar(64) COLLATE utf8_bin DEFAULT NULL,
  `TENANT_ID_` varchar(255) COLLATE utf8_bin DEFAULT '',
  PRIMARY KEY (`ID_`),
  KEY `ACT_FK_MODEL_SOURCE` (`EDITOR_SOURCE_VALUE_ID_`),
  KEY `ACT_FK_MODEL_SOURCE_EXTRA` (`EDITOR_SOURCE_EXTRA_VALUE_ID_`),
  KEY `ACT_FK_MODEL_DEPLOYMENT` (`DEPLOYMENT_ID_`),
  CONSTRAINT `ACT_FK_MODEL_DEPLOYMENT` FOREIGN KEY (`DEPLOYMENT_ID_`) REFERENCES `act_re_deployment` (`id_`),
  CONSTRAINT `ACT_FK_MODEL_SOURCE` FOREIGN KEY (`EDITOR_SOURCE_VALUE_ID_`) REFERENCES `act_ge_bytearray` (`id_`),
  CONSTRAINT `ACT_FK_MODEL_SOURCE_EXTRA` FOREIGN KEY (`EDITOR_SOURCE_EXTRA_VALUE_ID_`) REFERENCES `act_ge_bytearray` (`id_`)
) ENGINE=InnoDB DEFAULT CHARSET=utf8 COLLATE=utf8_bin;

-- ----------------------------
-- Records of act_re_model
-- ----------------------------

-- ----------------------------
-- Table structure for act_re_procdef
-- ----------------------------
DROP TABLE IF EXISTS `act_re_procdef`;
CREATE TABLE `act_re_procdef` (
  `ID_` varchar(64) COLLATE utf8_bin NOT NULL,
  `REV_` int(11) DEFAULT NULL,
  `CATEGORY_` varchar(255) COLLATE utf8_bin DEFAULT NULL,
  `NAME_` varchar(255) COLLATE utf8_bin DEFAULT NULL,
  `KEY_` varchar(255) COLLATE utf8_bin NOT NULL,
  `VERSION_` int(11) NOT NULL,
  `DEPLOYMENT_ID_` varchar(64) COLLATE utf8_bin DEFAULT NULL,
  `RESOURCE_NAME_` varchar(4000) COLLATE utf8_bin DEFAULT NULL,
  `DGRM_RESOURCE_NAME_` varchar(4000) COLLATE utf8_bin DEFAULT NULL,
  `DESCRIPTION_` varchar(4000) COLLATE utf8_bin DEFAULT NULL,
  `HAS_START_FORM_KEY_` tinyint(4) DEFAULT NULL,
  `HAS_GRAPHICAL_NOTATION_` tinyint(4) DEFAULT NULL,
  `SUSPENSION_STATE_` int(11) DEFAULT NULL,
  `TENANT_ID_` varchar(255) COLLATE utf8_bin DEFAULT '',
  `ENGINE_VERSION_` varchar(255) COLLATE utf8_bin DEFAULT NULL,
  PRIMARY KEY (`ID_`),
  UNIQUE KEY `ACT_UNIQ_PROCDEF` (`KEY_`,`VERSION_`,`TENANT_ID_`)
) ENGINE=InnoDB DEFAULT CHARSET=utf8 COLLATE=utf8_bin;

-- ----------------------------
-- Records of act_re_procdef
-- ----------------------------
INSERT INTO `act_re_procdef` VALUES ('myProcess_1:1:af26d7a0-64f7-11eb-ac6b-5afb84297c14', '1', 'http://www.activiti.org/test', null, 'myProcess_1', '1', 'af082c0e-64f7-11eb-ac6b-5afb84297c14', 'F:\\work\\项目实训\\Activiti框架\\projects\\ActivitiSpringBoot\\target\\classes\\processes\\team01.bpmn', null, null, '0', '1', '1', '', null);
INSERT INTO `act_re_procdef` VALUES ('process1:1:26f130f6-64f8-11eb-9c9d-5afb84297c14', '1', 'http://www.activiti.org/test', '流程1', 'process1', '1', '26d8c6f4-64f8-11eb-9c9d-5afb84297c14', 'F:\\work\\项目实训\\Activiti框架\\projects\\ActivitiSpringBoot\\target\\classes\\processes\\process1.bpmn', null, null, '0', '1', '1', '', null);
INSERT INTO `act_re_procdef` VALUES ('process1:2:1f356b23-64fd-11eb-a721-5afb84297c14', '1', 'http://www.activiti.org/test', '流程1', 'process1', '2', '1f16bf8f-64fd-11eb-a721-5afb84297c14', 'F:\\work\\项目实训\\Activiti框架\\projects\\ActivitiSpringBoot\\target\\classes\\processes\\process1.bpmn', null, null, '0', '1', '1', '', null);
INSERT INTO `act_re_procdef` VALUES ('process1:3:6d54a5ee-6513-11eb-b26a-5afb84297c14', '1', 'http://www.activiti.org/test', '流程1', 'process1', '3', '6d2cd29a-6513-11eb-b26a-5afb84297c14', 'F:\\work\\项目实训\\Activiti框架\\projects\\ActivitiSpringBoot\\target\\classes\\processes\\process1.bpmn', null, null, '0', '1', '1', '', null);
INSERT INTO `act_re_procdef` VALUES ('process1:4:49fd0809-6515-11eb-8f7d-5afb84297c14', '1', 'http://www.activiti.org/test', '流程1', 'process1', '4', '49cea504-6515-11eb-8f7d-5afb84297c14', 'F:\\work\\项目实训\\Activiti框架\\projects\\ActivitiSpringBoot\\target\\classes\\processes\\process1.bpmn', null, null, '0', '1', '1', '', null);
INSERT INTO `act_re_procdef` VALUES ('process2:1:1f356b22-64fd-11eb-a721-5afb84297c14', '1', 'http://www.activiti.org/test', '流程2', 'process2', '1', '1f16bf8f-64fd-11eb-a721-5afb84297c14', 'F:\\work\\项目实训\\Activiti框架\\projects\\ActivitiSpringBoot\\target\\classes\\processes\\process2.bpmn', null, null, '0', '1', '1', '', null);
INSERT INTO `act_re_procdef` VALUES ('process2:2:6d5457cd-6513-11eb-b26a-5afb84297c14', '1', 'http://www.activiti.org/test', '流程2', 'process2', '2', '6d2cd29a-6513-11eb-b26a-5afb84297c14', 'F:\\work\\项目实训\\Activiti框架\\projects\\ActivitiSpringBoot\\target\\classes\\processes\\process2.bpmn', null, null, '0', '1', '1', '', null);
INSERT INTO `act_re_procdef` VALUES ('process2:3:49fce0f8-6515-11eb-8f7d-5afb84297c14', '1', 'http://www.activiti.org/test', '流程2', 'process2', '3', '49cea504-6515-11eb-8f7d-5afb84297c14', 'F:\\work\\项目实训\\Activiti框架\\projects\\ActivitiSpringBoot\\target\\classes\\processes\\process2.bpmn', null, null, '0', '1', '1', '', null);
INSERT INTO `act_re_procdef` VALUES ('process3:1:49fd080a-6515-11eb-8f7d-5afb84297c14', '1', 'http://www.activiti.org/test', '流程3', 'process3', '1', '49cea504-6515-11eb-8f7d-5afb84297c14', 'F:\\work\\项目实训\\Activiti框架\\projects\\ActivitiSpringBoot\\target\\classes\\processes\\process3.bpmn', null, null, '0', '1', '1', '', null);

-- ----------------------------
-- Table structure for act_ru_deadletter_job
-- ----------------------------
DROP TABLE IF EXISTS `act_ru_deadletter_job`;
CREATE TABLE `act_ru_deadletter_job` (
  `ID_` varchar(64) COLLATE utf8_bin NOT NULL,
  `REV_` int(11) DEFAULT NULL,
  `TYPE_` varchar(255) COLLATE utf8_bin NOT NULL,
  `EXCLUSIVE_` tinyint(1) DEFAULT NULL,
  `EXECUTION_ID_` varchar(64) COLLATE utf8_bin DEFAULT NULL,
  `PROCESS_INSTANCE_ID_` varchar(64) COLLATE utf8_bin DEFAULT NULL,
  `PROC_DEF_ID_` varchar(64) COLLATE utf8_bin DEFAULT NULL,
  `EXCEPTION_STACK_ID_` varchar(64) COLLATE utf8_bin DEFAULT NULL,
  `EXCEPTION_MSG_` varchar(4000) COLLATE utf8_bin DEFAULT NULL,
  `DUEDATE_` timestamp(3) NULL DEFAULT NULL,
  `REPEAT_` varchar(255) COLLATE utf8_bin DEFAULT NULL,
  `HANDLER_TYPE_` varchar(255) COLLATE utf8_bin DEFAULT NULL,
  `HANDLER_CFG_` varchar(4000) COLLATE utf8_bin DEFAULT NULL,
  `TENANT_ID_` varchar(255) COLLATE utf8_bin DEFAULT '',
  PRIMARY KEY (`ID_`),
  KEY `ACT_FK_DEADLETTER_JOB_EXECUTION` (`EXECUTION_ID_`),
  KEY `ACT_FK_DEADLETTER_JOB_PROCESS_INSTANCE` (`PROCESS_INSTANCE_ID_`),
  KEY `ACT_FK_DEADLETTER_JOB_PROC_DEF` (`PROC_DEF_ID_`),
  KEY `ACT_FK_DEADLETTER_JOB_EXCEPTION` (`EXCEPTION_STACK_ID_`),
  CONSTRAINT `ACT_FK_DEADLETTER_JOB_EXCEPTION` FOREIGN KEY (`EXCEPTION_STACK_ID_`) REFERENCES `act_ge_bytearray` (`id_`),
  CONSTRAINT `ACT_FK_DEADLETTER_JOB_EXECUTION` FOREIGN KEY (`EXECUTION_ID_`) REFERENCES `act_ru_execution` (`id_`),
  CONSTRAINT `ACT_FK_DEADLETTER_JOB_PROCESS_INSTANCE` FOREIGN KEY (`PROCESS_INSTANCE_ID_`) REFERENCES `act_ru_execution` (`id_`),
  CONSTRAINT `ACT_FK_DEADLETTER_JOB_PROC_DEF` FOREIGN KEY (`PROC_DEF_ID_`) REFERENCES `act_re_procdef` (`id_`)
) ENGINE=InnoDB DEFAULT CHARSET=utf8 COLLATE=utf8_bin;

-- ----------------------------
-- Records of act_ru_deadletter_job
-- ----------------------------

-- ----------------------------
-- Table structure for act_ru_event_subscr
-- ----------------------------
DROP TABLE IF EXISTS `act_ru_event_subscr`;
CREATE TABLE `act_ru_event_subscr` (
  `ID_` varchar(64) COLLATE utf8_bin NOT NULL,
  `REV_` int(11) DEFAULT NULL,
  `EVENT_TYPE_` varchar(255) COLLATE utf8_bin NOT NULL,
  `EVENT_NAME_` varchar(255) COLLATE utf8_bin DEFAULT NULL,
  `EXECUTION_ID_` varchar(64) COLLATE utf8_bin DEFAULT NULL,
  `PROC_INST_ID_` varchar(64) COLLATE utf8_bin DEFAULT NULL,
  `ACTIVITY_ID_` varchar(64) COLLATE utf8_bin DEFAULT NULL,
  `CONFIGURATION_` varchar(255) COLLATE utf8_bin DEFAULT NULL,
  `CREATED_` timestamp(3) NOT NULL DEFAULT CURRENT_TIMESTAMP(3),
  `PROC_DEF_ID_` varchar(64) COLLATE utf8_bin DEFAULT NULL,
  `TENANT_ID_` varchar(255) COLLATE utf8_bin DEFAULT '',
  PRIMARY KEY (`ID_`),
  KEY `ACT_IDX_EVENT_SUBSCR_CONFIG_` (`CONFIGURATION_`),
  KEY `ACT_FK_EVENT_EXEC` (`EXECUTION_ID_`),
  CONSTRAINT `ACT_FK_EVENT_EXEC` FOREIGN KEY (`EXECUTION_ID_`) REFERENCES `act_ru_execution` (`id_`)
) ENGINE=InnoDB DEFAULT CHARSET=utf8 COLLATE=utf8_bin;

-- ----------------------------
-- Records of act_ru_event_subscr
-- ----------------------------

-- ----------------------------
-- Table structure for act_ru_execution
-- ----------------------------
DROP TABLE IF EXISTS `act_ru_execution`;
CREATE TABLE `act_ru_execution` (
  `ID_` varchar(64) COLLATE utf8_bin NOT NULL,
  `REV_` int(11) DEFAULT NULL,
  `PROC_INST_ID_` varchar(64) COLLATE utf8_bin DEFAULT NULL,
  `BUSINESS_KEY_` varchar(255) COLLATE utf8_bin DEFAULT NULL,
  `PARENT_ID_` varchar(64) COLLATE utf8_bin DEFAULT NULL,
  `PROC_DEF_ID_` varchar(64) COLLATE utf8_bin DEFAULT NULL,
  `SUPER_EXEC_` varchar(64) COLLATE utf8_bin DEFAULT NULL,
  `ROOT_PROC_INST_ID_` varchar(64) COLLATE utf8_bin DEFAULT NULL,
  `ACT_ID_` varchar(255) COLLATE utf8_bin DEFAULT NULL,
  `IS_ACTIVE_` tinyint(4) DEFAULT NULL,
  `IS_CONCURRENT_` tinyint(4) DEFAULT NULL,
  `IS_SCOPE_` tinyint(4) DEFAULT NULL,
  `IS_EVENT_SCOPE_` tinyint(4) DEFAULT NULL,
  `IS_MI_ROOT_` tinyint(4) DEFAULT NULL,
  `SUSPENSION_STATE_` int(11) DEFAULT NULL,
  `CACHED_ENT_STATE_` int(11) DEFAULT NULL,
  `TENANT_ID_` varchar(255) COLLATE utf8_bin DEFAULT '',
  `NAME_` varchar(255) COLLATE utf8_bin DEFAULT NULL,
  `START_TIME_` datetime(3) DEFAULT NULL,
  `START_USER_ID_` varchar(255) COLLATE utf8_bin DEFAULT NULL,
  `LOCK_TIME_` timestamp(3) NULL DEFAULT NULL,
  `IS_COUNT_ENABLED_` tinyint(4) DEFAULT NULL,
  `EVT_SUBSCR_COUNT_` int(11) DEFAULT NULL,
  `TASK_COUNT_` int(11) DEFAULT NULL,
  `JOB_COUNT_` int(11) DEFAULT NULL,
  `TIMER_JOB_COUNT_` int(11) DEFAULT NULL,
  `SUSP_JOB_COUNT_` int(11) DEFAULT NULL,
  `DEADLETTER_JOB_COUNT_` int(11) DEFAULT NULL,
  `VAR_COUNT_` int(11) DEFAULT NULL,
  `ID_LINK_COUNT_` int(11) DEFAULT NULL,
  PRIMARY KEY (`ID_`),
  KEY `ACT_IDX_EXEC_BUSKEY` (`BUSINESS_KEY_`),
  KEY `ACT_IDC_EXEC_ROOT` (`ROOT_PROC_INST_ID_`),
  KEY `ACT_FK_EXE_PROCINST` (`PROC_INST_ID_`),
  KEY `ACT_FK_EXE_PARENT` (`PARENT_ID_`),
  KEY `ACT_FK_EXE_SUPER` (`SUPER_EXEC_`),
  KEY `ACT_FK_EXE_PROCDEF` (`PROC_DEF_ID_`),
  CONSTRAINT `ACT_FK_EXE_PARENT` FOREIGN KEY (`PARENT_ID_`) REFERENCES `act_ru_execution` (`id_`) ON DELETE CASCADE,
  CONSTRAINT `ACT_FK_EXE_PROCDEF` FOREIGN KEY (`PROC_DEF_ID_`) REFERENCES `act_re_procdef` (`id_`),
  CONSTRAINT `ACT_FK_EXE_PROCINST` FOREIGN KEY (`PROC_INST_ID_`) REFERENCES `act_ru_execution` (`id_`) ON DELETE CASCADE ON UPDATE CASCADE,
  CONSTRAINT `ACT_FK_EXE_SUPER` FOREIGN KEY (`SUPER_EXEC_`) REFERENCES `act_ru_execution` (`id_`) ON DELETE CASCADE
) ENGINE=InnoDB DEFAULT CHARSET=utf8 COLLATE=utf8_bin;

-- ----------------------------
-- Records of act_ru_execution
-- ----------------------------

-- ----------------------------
-- Table structure for act_ru_identitylink
-- ----------------------------
DROP TABLE IF EXISTS `act_ru_identitylink`;
CREATE TABLE `act_ru_identitylink` (
  `ID_` varchar(64) COLLATE utf8_bin NOT NULL,
  `REV_` int(11) DEFAULT NULL,
  `GROUP_ID_` varchar(255) COLLATE utf8_bin DEFAULT NULL,
  `TYPE_` varchar(255) COLLATE utf8_bin DEFAULT NULL,
  `USER_ID_` varchar(255) COLLATE utf8_bin DEFAULT NULL,
  `TASK_ID_` varchar(64) COLLATE utf8_bin DEFAULT NULL,
  `PROC_INST_ID_` varchar(64) COLLATE utf8_bin DEFAULT NULL,
  `PROC_DEF_ID_` varchar(64) COLLATE utf8_bin DEFAULT NULL,
  PRIMARY KEY (`ID_`),
  KEY `ACT_IDX_IDENT_LNK_USER` (`USER_ID_`),
  KEY `ACT_IDX_IDENT_LNK_GROUP` (`GROUP_ID_`),
  KEY `ACT_IDX_ATHRZ_PROCEDEF` (`PROC_DEF_ID_`),
  KEY `ACT_FK_TSKASS_TASK` (`TASK_ID_`),
  KEY `ACT_FK_IDL_PROCINST` (`PROC_INST_ID_`),
  CONSTRAINT `ACT_FK_ATHRZ_PROCEDEF` FOREIGN KEY (`PROC_DEF_ID_`) REFERENCES `act_re_procdef` (`id_`),
  CONSTRAINT `ACT_FK_IDL_PROCINST` FOREIGN KEY (`PROC_INST_ID_`) REFERENCES `act_ru_execution` (`id_`),
  CONSTRAINT `ACT_FK_TSKASS_TASK` FOREIGN KEY (`TASK_ID_`) REFERENCES `act_ru_task` (`id_`)
) ENGINE=InnoDB DEFAULT CHARSET=utf8 COLLATE=utf8_bin;

-- ----------------------------
-- Records of act_ru_identitylink
-- ----------------------------
INSERT INTO `act_ru_identitylink` VALUES ('1f359234-64fd-11eb-a721-5afb84297c14', '1', null, 'candidate', 'salaboy', null, null, 'process2:1:1f356b22-64fd-11eb-a721-5afb84297c14');
INSERT INTO `act_ru_identitylink` VALUES ('1f359235-64fd-11eb-a721-5afb84297c14', '1', 'GROUP_activitiTeam', 'candidate', null, null, null, 'process2:1:1f356b22-64fd-11eb-a721-5afb84297c14');
INSERT INTO `act_ru_identitylink` VALUES ('49fd2f1b-6515-11eb-8f7d-5afb84297c14', '1', null, 'candidate', 'salaboy', null, null, 'process2:3:49fce0f8-6515-11eb-8f7d-5afb84297c14');
INSERT INTO `act_ru_identitylink` VALUES ('49fd2f1c-6515-11eb-8f7d-5afb84297c14', '1', 'GROUP_activitiTeam', 'candidate', null, null, null, 'process2:3:49fce0f8-6515-11eb-8f7d-5afb84297c14');
INSERT INTO `act_ru_identitylink` VALUES ('6d54a5ef-6513-11eb-b26a-5afb84297c14', '1', null, 'candidate', 'salaboy', null, null, 'process2:2:6d5457cd-6513-11eb-b26a-5afb84297c14');
INSERT INTO `act_ru_identitylink` VALUES ('6d54a5f0-6513-11eb-b26a-5afb84297c14', '1', 'GROUP_activitiTeam', 'candidate', null, null, null, 'process2:2:6d5457cd-6513-11eb-b26a-5afb84297c14');

-- ----------------------------
-- Table structure for act_ru_integration
-- ----------------------------
DROP TABLE IF EXISTS `act_ru_integration`;
CREATE TABLE `act_ru_integration` (
  `ID_` varchar(64) COLLATE utf8_bin NOT NULL,
  `EXECUTION_ID_` varchar(64) COLLATE utf8_bin DEFAULT NULL,
  `PROCESS_INSTANCE_ID_` varchar(64) COLLATE utf8_bin DEFAULT NULL,
  `PROC_DEF_ID_` varchar(64) COLLATE utf8_bin DEFAULT NULL,
  `FLOW_NODE_ID_` varchar(64) COLLATE utf8_bin DEFAULT NULL,
  `CREATED_DATE_` timestamp(3) NULL DEFAULT NULL,
  PRIMARY KEY (`ID_`),
  KEY `ACT_FK_INT_EXECUTION` (`EXECUTION_ID_`),
  KEY `ACT_FK_INT_PROC_INST` (`PROCESS_INSTANCE_ID_`),
  KEY `ACT_FK_INT_PROC_DEF` (`PROC_DEF_ID_`),
  CONSTRAINT `ACT_FK_INT_EXECUTION` FOREIGN KEY (`EXECUTION_ID_`) REFERENCES `act_ru_execution` (`id_`) ON DELETE CASCADE,
  CONSTRAINT `ACT_FK_INT_PROC_DEF` FOREIGN KEY (`PROC_DEF_ID_`) REFERENCES `act_re_procdef` (`id_`),
  CONSTRAINT `ACT_FK_INT_PROC_INST` FOREIGN KEY (`PROCESS_INSTANCE_ID_`) REFERENCES `act_ru_execution` (`id_`)
) ENGINE=InnoDB DEFAULT CHARSET=utf8 COLLATE=utf8_bin;

-- ----------------------------
-- Records of act_ru_integration
-- ----------------------------

-- ----------------------------
-- Table structure for act_ru_job
-- ----------------------------
DROP TABLE IF EXISTS `act_ru_job`;
CREATE TABLE `act_ru_job` (
  `ID_` varchar(64) COLLATE utf8_bin NOT NULL,
  `REV_` int(11) DEFAULT NULL,
  `TYPE_` varchar(255) COLLATE utf8_bin NOT NULL,
  `LOCK_EXP_TIME_` timestamp(3) NULL DEFAULT NULL,
  `LOCK_OWNER_` varchar(255) COLLATE utf8_bin DEFAULT NULL,
  `EXCLUSIVE_` tinyint(1) DEFAULT NULL,
  `EXECUTION_ID_` varchar(64) COLLATE utf8_bin DEFAULT NULL,
  `PROCESS_INSTANCE_ID_` varchar(64) COLLATE utf8_bin DEFAULT NULL,
  `PROC_DEF_ID_` varchar(64) COLLATE utf8_bin DEFAULT NULL,
  `RETRIES_` int(11) DEFAULT NULL,
  `EXCEPTION_STACK_ID_` varchar(64) COLLATE utf8_bin DEFAULT NULL,
  `EXCEPTION_MSG_` varchar(4000) COLLATE utf8_bin DEFAULT NULL,
  `DUEDATE_` timestamp(3) NULL DEFAULT NULL,
  `REPEAT_` varchar(255) COLLATE utf8_bin DEFAULT NULL,
  `HANDLER_TYPE_` varchar(255) COLLATE utf8_bin DEFAULT NULL,
  `HANDLER_CFG_` varchar(4000) COLLATE utf8_bin DEFAULT NULL,
  `TENANT_ID_` varchar(255) COLLATE utf8_bin DEFAULT '',
  PRIMARY KEY (`ID_`),
  KEY `ACT_FK_JOB_EXECUTION` (`EXECUTION_ID_`),
  KEY `ACT_FK_JOB_PROCESS_INSTANCE` (`PROCESS_INSTANCE_ID_`),
  KEY `ACT_FK_JOB_PROC_DEF` (`PROC_DEF_ID_`),
  KEY `ACT_FK_JOB_EXCEPTION` (`EXCEPTION_STACK_ID_`),
  CONSTRAINT `ACT_FK_JOB_EXCEPTION` FOREIGN KEY (`EXCEPTION_STACK_ID_`) REFERENCES `act_ge_bytearray` (`id_`),
  CONSTRAINT `ACT_FK_JOB_EXECUTION` FOREIGN KEY (`EXECUTION_ID_`) REFERENCES `act_ru_execution` (`id_`),
  CONSTRAINT `ACT_FK_JOB_PROCESS_INSTANCE` FOREIGN KEY (`PROCESS_INSTANCE_ID_`) REFERENCES `act_ru_execution` (`id_`),
  CONSTRAINT `ACT_FK_JOB_PROC_DEF` FOREIGN KEY (`PROC_DEF_ID_`) REFERENCES `act_re_procdef` (`id_`)
) ENGINE=InnoDB DEFAULT CHARSET=utf8 COLLATE=utf8_bin;

-- ----------------------------
-- Records of act_ru_job
-- ----------------------------

-- ----------------------------
-- Table structure for act_ru_suspended_job
-- ----------------------------
DROP TABLE IF EXISTS `act_ru_suspended_job`;
CREATE TABLE `act_ru_suspended_job` (
  `ID_` varchar(64) COLLATE utf8_bin NOT NULL,
  `REV_` int(11) DEFAULT NULL,
  `TYPE_` varchar(255) COLLATE utf8_bin NOT NULL,
  `EXCLUSIVE_` tinyint(1) DEFAULT NULL,
  `EXECUTION_ID_` varchar(64) COLLATE utf8_bin DEFAULT NULL,
  `PROCESS_INSTANCE_ID_` varchar(64) COLLATE utf8_bin DEFAULT NULL,
  `PROC_DEF_ID_` varchar(64) COLLATE utf8_bin DEFAULT NULL,
  `RETRIES_` int(11) DEFAULT NULL,
  `EXCEPTION_STACK_ID_` varchar(64) COLLATE utf8_bin DEFAULT NULL,
  `EXCEPTION_MSG_` varchar(4000) COLLATE utf8_bin DEFAULT NULL,
  `DUEDATE_` timestamp(3) NULL DEFAULT NULL,
  `REPEAT_` varchar(255) COLLATE utf8_bin DEFAULT NULL,
  `HANDLER_TYPE_` varchar(255) COLLATE utf8_bin DEFAULT NULL,
  `HANDLER_CFG_` varchar(4000) COLLATE utf8_bin DEFAULT NULL,
  `TENANT_ID_` varchar(255) COLLATE utf8_bin DEFAULT '',
  PRIMARY KEY (`ID_`),
  KEY `ACT_FK_SUSPENDED_JOB_EXECUTION` (`EXECUTION_ID_`),
  KEY `ACT_FK_SUSPENDED_JOB_PROCESS_INSTANCE` (`PROCESS_INSTANCE_ID_`),
  KEY `ACT_FK_SUSPENDED_JOB_PROC_DEF` (`PROC_DEF_ID_`),
  KEY `ACT_FK_SUSPENDED_JOB_EXCEPTION` (`EXCEPTION_STACK_ID_`),
  CONSTRAINT `ACT_FK_SUSPENDED_JOB_EXCEPTION` FOREIGN KEY (`EXCEPTION_STACK_ID_`) REFERENCES `act_ge_bytearray` (`id_`),
  CONSTRAINT `ACT_FK_SUSPENDED_JOB_EXECUTION` FOREIGN KEY (`EXECUTION_ID_`) REFERENCES `act_ru_execution` (`id_`),
  CONSTRAINT `ACT_FK_SUSPENDED_JOB_PROCESS_INSTANCE` FOREIGN KEY (`PROCESS_INSTANCE_ID_`) REFERENCES `act_ru_execution` (`id_`),
  CONSTRAINT `ACT_FK_SUSPENDED_JOB_PROC_DEF` FOREIGN KEY (`PROC_DEF_ID_`) REFERENCES `act_re_procdef` (`id_`)
) ENGINE=InnoDB DEFAULT CHARSET=utf8 COLLATE=utf8_bin;

-- ----------------------------
-- Records of act_ru_suspended_job
-- ----------------------------

-- ----------------------------
-- Table structure for act_ru_task
-- ----------------------------
DROP TABLE IF EXISTS `act_ru_task`;
CREATE TABLE `act_ru_task` (
  `ID_` varchar(64) COLLATE utf8_bin NOT NULL,
  `REV_` int(11) DEFAULT NULL,
  `EXECUTION_ID_` varchar(64) COLLATE utf8_bin DEFAULT NULL,
  `PROC_INST_ID_` varchar(64) COLLATE utf8_bin DEFAULT NULL,
  `PROC_DEF_ID_` varchar(64) COLLATE utf8_bin DEFAULT NULL,
  `NAME_` varchar(255) COLLATE utf8_bin DEFAULT NULL,
  `PARENT_TASK_ID_` varchar(64) COLLATE utf8_bin DEFAULT NULL,
  `DESCRIPTION_` varchar(4000) COLLATE utf8_bin DEFAULT NULL,
  `TASK_DEF_KEY_` varchar(255) COLLATE utf8_bin DEFAULT NULL,
  `OWNER_` varchar(255) COLLATE utf8_bin DEFAULT NULL,
  `ASSIGNEE_` varchar(255) COLLATE utf8_bin DEFAULT NULL,
  `DELEGATION_` varchar(64) COLLATE utf8_bin DEFAULT NULL,
  `PRIORITY_` int(11) DEFAULT NULL,
  `CREATE_TIME_` timestamp(3) NULL DEFAULT NULL,
  `DUE_DATE_` datetime(3) DEFAULT NULL,
  `CATEGORY_` varchar(255) COLLATE utf8_bin DEFAULT NULL,
  `SUSPENSION_STATE_` int(11) DEFAULT NULL,
  `TENANT_ID_` varchar(255) COLLATE utf8_bin DEFAULT '',
  `FORM_KEY_` varchar(255) COLLATE utf8_bin DEFAULT NULL,
  `CLAIM_TIME_` datetime(3) DEFAULT NULL,
  PRIMARY KEY (`ID_`),
  KEY `ACT_IDX_TASK_CREATE` (`CREATE_TIME_`),
  KEY `ACT_FK_TASK_EXE` (`EXECUTION_ID_`),
  KEY `ACT_FK_TASK_PROCINST` (`PROC_INST_ID_`),
  KEY `ACT_FK_TASK_PROCDEF` (`PROC_DEF_ID_`),
  CONSTRAINT `ACT_FK_TASK_EXE` FOREIGN KEY (`EXECUTION_ID_`) REFERENCES `act_ru_execution` (`id_`),
  CONSTRAINT `ACT_FK_TASK_PROCDEF` FOREIGN KEY (`PROC_DEF_ID_`) REFERENCES `act_re_procdef` (`id_`),
  CONSTRAINT `ACT_FK_TASK_PROCINST` FOREIGN KEY (`PROC_INST_ID_`) REFERENCES `act_ru_execution` (`id_`)
) ENGINE=InnoDB DEFAULT CHARSET=utf8 COLLATE=utf8_bin;

-- ----------------------------
-- Records of act_ru_task
-- ----------------------------

-- ----------------------------
-- Table structure for act_ru_timer_job
-- ----------------------------
DROP TABLE IF EXISTS `act_ru_timer_job`;
CREATE TABLE `act_ru_timer_job` (
  `ID_` varchar(64) COLLATE utf8_bin NOT NULL,
  `REV_` int(11) DEFAULT NULL,
  `TYPE_` varchar(255) COLLATE utf8_bin NOT NULL,
  `LOCK_EXP_TIME_` timestamp(3) NULL DEFAULT NULL,
  `LOCK_OWNER_` varchar(255) COLLATE utf8_bin DEFAULT NULL,
  `EXCLUSIVE_` tinyint(1) DEFAULT NULL,
  `EXECUTION_ID_` varchar(64) COLLATE utf8_bin DEFAULT NULL,
  `PROCESS_INSTANCE_ID_` varchar(64) COLLATE utf8_bin DEFAULT NULL,
  `PROC_DEF_ID_` varchar(64) COLLATE utf8_bin DEFAULT NULL,
  `RETRIES_` int(11) DEFAULT NULL,
  `EXCEPTION_STACK_ID_` varchar(64) COLLATE utf8_bin DEFAULT NULL,
  `EXCEPTION_MSG_` varchar(4000) COLLATE utf8_bin DEFAULT NULL,
  `DUEDATE_` timestamp(3) NULL DEFAULT NULL,
  `REPEAT_` varchar(255) COLLATE utf8_bin DEFAULT NULL,
  `HANDLER_TYPE_` varchar(255) COLLATE utf8_bin DEFAULT NULL,
  `HANDLER_CFG_` varchar(4000) COLLATE utf8_bin DEFAULT NULL,
  `TENANT_ID_` varchar(255) COLLATE utf8_bin DEFAULT '',
  PRIMARY KEY (`ID_`),
  KEY `ACT_FK_TIMER_JOB_EXECUTION` (`EXECUTION_ID_`),
  KEY `ACT_FK_TIMER_JOB_PROCESS_INSTANCE` (`PROCESS_INSTANCE_ID_`),
  KEY `ACT_FK_TIMER_JOB_PROC_DEF` (`PROC_DEF_ID_`),
  KEY `ACT_FK_TIMER_JOB_EXCEPTION` (`EXCEPTION_STACK_ID_`),
  CONSTRAINT `ACT_FK_TIMER_JOB_EXCEPTION` FOREIGN KEY (`EXCEPTION_STACK_ID_`) REFERENCES `act_ge_bytearray` (`id_`),
  CONSTRAINT `ACT_FK_TIMER_JOB_EXECUTION` FOREIGN KEY (`EXECUTION_ID_`) REFERENCES `act_ru_execution` (`id_`),
  CONSTRAINT `ACT_FK_TIMER_JOB_PROCESS_INSTANCE` FOREIGN KEY (`PROCESS_INSTANCE_ID_`) REFERENCES `act_ru_execution` (`id_`),
  CONSTRAINT `ACT_FK_TIMER_JOB_PROC_DEF` FOREIGN KEY (`PROC_DEF_ID_`) REFERENCES `act_re_procdef` (`id_`)
) ENGINE=InnoDB DEFAULT CHARSET=utf8 COLLATE=utf8_bin;

-- ----------------------------
-- Records of act_ru_timer_job
-- ----------------------------

-- ----------------------------
-- Table structure for act_ru_variable
-- ----------------------------
DROP TABLE IF EXISTS `act_ru_variable`;
CREATE TABLE `act_ru_variable` (
  `ID_` varchar(64) COLLATE utf8_bin NOT NULL,
  `REV_` int(11) DEFAULT NULL,
  `TYPE_` varchar(255) COLLATE utf8_bin NOT NULL,
  `NAME_` varchar(255) COLLATE utf8_bin NOT NULL,
  `EXECUTION_ID_` varchar(64) COLLATE utf8_bin DEFAULT NULL,
  `PROC_INST_ID_` varchar(64) COLLATE utf8_bin DEFAULT NULL,
  `TASK_ID_` varchar(64) COLLATE utf8_bin DEFAULT NULL,
  `BYTEARRAY_ID_` varchar(64) COLLATE utf8_bin DEFAULT NULL,
  `DOUBLE_` double DEFAULT NULL,
  `LONG_` bigint(20) DEFAULT NULL,
  `TEXT_` varchar(4000) COLLATE utf8_bin DEFAULT NULL,
  `TEXT2_` varchar(4000) COLLATE utf8_bin DEFAULT NULL,
  PRIMARY KEY (`ID_`),
  KEY `ACT_IDX_VARIABLE_TASK_ID` (`TASK_ID_`),
  KEY `ACT_FK_VAR_EXE` (`EXECUTION_ID_`),
  KEY `ACT_FK_VAR_PROCINST` (`PROC_INST_ID_`),
  KEY `ACT_FK_VAR_BYTEARRAY` (`BYTEARRAY_ID_`),
  CONSTRAINT `ACT_FK_VAR_BYTEARRAY` FOREIGN KEY (`BYTEARRAY_ID_`) REFERENCES `act_ge_bytearray` (`id_`),
  CONSTRAINT `ACT_FK_VAR_EXE` FOREIGN KEY (`EXECUTION_ID_`) REFERENCES `act_ru_execution` (`id_`),
  CONSTRAINT `ACT_FK_VAR_PROCINST` FOREIGN KEY (`PROC_INST_ID_`) REFERENCES `act_ru_execution` (`id_`)
) ENGINE=InnoDB DEFAULT CHARSET=utf8 COLLATE=utf8_bin;

-- ----------------------------
-- Records of act_ru_variable
-- ----------------------------
